unit,inner_phone,category,name,outer_phone,fax
מרכזייה,,מינהל כללי,,03-6408111,
יחידת בטיחות,036409555,מינהל כללי,מפקח בטיחות יחידה,,6409881
יחידת בטיחות,036405676,מינהל כללי,ממונה כימיה ואחראי רעלים,,
יחידת בטיחות,036407555,מינהל כללי,מנהל יחידת בטיחות,,6408555
יחידת בטיחות,036409966,מינהל כללי,ממונה בטיחות ביולוגית,,6409881
יחידת בטיחות,036406555,מינהל כללי,מזכירת יחידת בטיחות,,
אגף משאבי אנוש,036408603,מינהל כללי,מנהלת אגף משאבי אנוש,,036407916
אגף משאבי אנוש,036407968,מינהל כללי,מנהלת היחידה לתכנון וטיפוח משאבי אנוש,,036407916
אגף משאבי אנוש,036409741,מינהל כללי,מדור רישום ובקרת כח אדם,,036405546
אגף משאבי אנוש,036408575,מינהל כללי,מדור מיון וגיוס כח אדם,,036406858
אגף משאבי אנוש,036406130,מינהל כללי,היחידה לתשלומי שכר,,036407619
אגף משאבי אנוש,036409684,מינהל כללי,מדור נסיעות וזכויות אקדמיות,,036409531
אגף משאבי אנוש,036407272,מינהל כללי,מדור נסיעות וזכויות אקדמיות - התחשבנות,,036409531
אגף משאבי אנוש,036408955,מינהל כללי,מדור הדרכה,,036407920
אגף משאבי אנוש,036408906,מינהל כללי,מדור רווחה,,036407920
אגף משאבי אנוש,036408907,מינהל כללי,מתאם מערכות,,
הממונה על יישום חוק חופש המידע,036408095,מינהל כללי,הממונה על יישום חוק חופש המידע ,,036406319
דקאנט הסטודנטים,036408097,מינהל כללי,דקאנט הסטודנטים,,036409690
דקאנט הסטודנטים,036406797,מינהל כללי,לשכת דקאן הסטודנטים,6427171,036409690
דקאנט הסטודנטים,036408832,מינהל כללי,"שרות לסטודנט  (תעדות סטודנט , ולת""ם",,036409690
דקאנט הסטודנטים,036407761,מינהל כללי,"יעוץ לימודי ומקצועי , אבחון לקויות למידה",,036409690
דקאנט הסטודנטים,036408067,מינהל כללי,"המדור לסיוע כלכלי ע""ש ברגר",,036409690
דקאנט הסטודנטים,036409691,מינהל כללי,רווחת הסטודנט והמרכז לעולים,,036409690
דקאנט הסטודנטים,036408739,מינהל כללי,הכוון תעסוקתי,,036407028
דקאנט הסטודנטים,036408505,מינהל כללי,השרות הפסיכולוגי,,036409690
דקאנט הסטודנטים,036408848,מינהל כללי,התוכנית למעורבות חברתית,,036409690
דקאנט הסטודנטים,036408755,מינהל כללי,תקציבים,,036409690
דקאנט הסטודנטים,036408390,מינהל כללי,"פר""ח (פרוייקט חונכות)",6417119,
דקאנט הסטודנטים,036408832,מינהל כללי,נציב קבילות,,036409690
אגף כספים כלכלה ותקציבים,036408650,מינהל כללי,"סמנכ""ל לכספים",,036405483
אגף כספים כלכלה ותקציבים,036409761,מינהל כללי,חשב האוניברסיטה,,036409765
אגף כספים כלכלה ותקציבים,036408782,מינהל כללי,מדור ספקים ומוטבים,,036405643
אגף כספים כלכלה ותקציבים,036408217,מינהל כללי,מדור קרנות ותרומות,,036405487
אגף כספים כלכלה ותקציבים,036408898,מינהל כללי,מדור רישום והתאמות,,036409765
אגף כספים כלכלה ותקציבים,036408499,מינהל כללי,ארכיון,,
אגף כספים כלכלה ותקציבים,036405479,מינהל כללי,גזבר האוניברסיטה,,036409765
אגף כספים כלכלה ותקציבים,036409770,מינהל כללי,מדור תשלומים,,036409765
אגף כספים כלכלה ותקציבים,036405481,מינהל כללי,מדור גבייה ותקבולים,,036407178
אגף כספים כלכלה ותקציבים,036408638,מינהל כללי,יח' לתקציבים וכלכלה,,036406266
אגף כספים כלכלה ותקציבים,036408165,מינהל כללי,מערכות כספיות ממוחשבות,,036405487
אגף כספים כלכלה ותקציבים,036409762,מינהל כללי,ממונה על ביטוח,,036405672
אגף כספים כלכלה ותקציבים,036408631,מינהל כללי,יח' הספקה,,036409742
אגף כספים כלכלה ותקציבים,036408630,מינהל כללי,רכש מקומי,,036409767
אגף כספים כלכלה ותקציבים,036408900,מינהל כללי,הנהלת חשבונות רכש מקומי,,036409751
אגף כספים כלכלה ותקציבים,036409746,מינהל כללי,רכש חו'''ל,,036409742
אגף כספים כלכלה ותקציבים,036407691,מינהל כללי,אינונטר,,036409781
אגף כספים כלכלה ותקציבים,036409747,מינהל כללי,מחסן,,036409744
אגף כספים כלכלה ותקציבים,036408454,מינהל כללי,בית הדפוס,,036409682
אגף כספים כלכלה ותקציבים,036409595,מינהל כללי,עיצוב גרפי,,036406109
אגף כספים כלכלה ותקציבים,036408285,מינהל כללי,קצין בטיחות בתעבורה,,036406609
האגף לקשרי חוץ,036408226,מינהל כללי,סגן הנשיא,,6422752
האגף לקשרי חוץ,036408936,מינהל כללי,מנהל האגף לקשרי חוץ,,6422752
האגף לקשרי חוץ,036407288,מינהל כללי,עוזר לסגן הנשיא,,
האגף לקשרי חוץ,036408249,מינהל כללי,פרסומים/ פיתוח פרוייקטים,,036407080
האגף לקשרי חוץ,036408769,מינהל כללי,ארצות דוברות צרפתית,,036405075
האגף לקשרי חוץ,036408837,מינהל כללי,ארצות דוברות גרמנית,,036406547
האגף לקשרי חוץ,036408945,מינהל כללי,אמריקה הלטינית,,6412272
האגף לקשרי חוץ,036407546,מינהל כללי,אירוח,,036407546
האגף לקשרי חוץ,036408140,מינהל כללי,דסק אוסטרליה,,036406103
האגף לקשרי חוץ,036408411,מינהל כללי,הוקרת התורם,,036406141
האגף לקשרי חוץ,036408347,מינהל כללי,צילום,,036408355
האגף לקשרי חוץ,036407254,מינהל כללי,דסק צפון אמריקה וקנדה,,036406959
האגף לקשרי חוץ,036406163,מינהל כללי,ארכיון,,036406141
האגף לקשרי חוץ,036407200,מינהל כללי,תקציבים מינהל והפקה,,036408601
האגף לקשרי חוץ,036406181,מינהל כללי,מערכת תפעול תורמים,,036406141
האגף לקשרי חוץ,036406199,מינהל כללי,מזכירת חבר הנאמנים,,036406257
"יחידת תכנון , שיטות ובקרה",036408923,מינהל כללי,"יחידת תכנון , שיטות ובקרה",,036406319
האגף לתכנון אסטרטגי ולשיווק,036405902,מינהל כללי,"סמנכ""ל לתכנון אסטרטגי ולשיווק",,036405672
האגף לתכנון אסטרטגי ולשיווק,036409762,מינהל כללי,מנהל תחום בקרה,,
האגף לתכנון אסטרטגי ולשיווק,036405254,מינהל כללי,מנהל שיווק,,
אגף הנדסה ותחזוקה,036408360,מינהל כללי,"סמנכ""ל  להנדסה ותחזוקה",6424772,036406688
אגף הנדסה ותחזוקה,036408360,מינהל כללי,מזכירות האגף,,036406688
אגף הנדסה ותחזוקה,036408360,מינהל כללי,ממונה על נכסים והתקשרויות משקיות כלכליות,,036406688
אגף הנדסה ותחזוקה,036406262,מינהל כללי,מרכז מזנונים ונכסים,,036406688
אגף הנדסה ותחזוקה,036407887,מינהל כללי,תקציבן האגף,,036406688
אגף הנדסה ותחזוקה,036405781,מינהל כללי,אדריכל האוניברסיטה,,036406688
אגף הנדסה ותחזוקה,036405782,מינהל כללי,הנדסאית,,036406688
אגף הנדסה ותחזוקה,036409119,מינהל כללי,מנהל מערכות הנדסיות ממוחשבות ,,036406688
אגף הנדסה ותחזוקה,036409885,מינהל כללי,מהנדס האוניברסיטה,,036406688
אגף הנדסה ותחזוקה,036408320,מינהל כללי,שרטוט ונכסים,,036409881
אגף הנדסה ותחזוקה,036408213,מינהל כללי,סגן מנהל האגף ומנהל יחידת תחזוקה ותשתיות  ,,036409890
אגף הנדסה ותחזוקה,036408213,מינהל כללי,מזכירות היחידה ,,036409890
אגף הנדסה ותחזוקה,036406600,מינהל כללי,מנהל תפעול מבנים  ,,036409890
אגף הנדסה ותחזוקה,036408838,מינהל כללי,"מנהל תפעול חשמל , תקשורת ובקרה ",,036409890
אגף הנדסה ותחזוקה,036409353,מינהל כללי,מנהל תפעול מערכות  ,,036409890
אגף הנדסה ותחזוקה,036409962,מינהל כללי,רכז איכות הסביבה  ,,036409890
אגף הנדסה ותחזוקה,036408762,מינהל כללי,מדור חשמל  ,,036407997
אגף הנדסה ותחזוקה,036408170,מינהל כללי,מדור מים וקיטור  ,,036405346
אגף הנדסה ותחזוקה,036408502,מינהל כללי,מדור מכונות  ,,036406255
אגף הנדסה ותחזוקה,036408966,מינהל כללי,מדור מיזוג אוויר  ,,036407930
אגף הנדסה ותחזוקה,036408500,מינהל כללי,מדור מרכזי אנרגיה ,,036408891
אגף הנדסה ותחזוקה,036407888,מינהל כללי,מדור תקשורת ,,036408212
אגף הנדסה ותחזוקה,036407000,מינהל כללי,מפקח עבודות תקשורת ואחראי מערכות גילוי אש,,036408212
אגף הנדסה ותחזוקה,036409404,מינהל כללי,אחראית חיוב ובקרת חשבונות  ,,036408212
אגף הנדסה ותחזוקה,036407777,מינהל כללי,מרכזיה ,,036408212
אגף הנדסה ותחזוקה,036408103,מינהל כללי,מדור צבע,,036406479
אגף הנדסה ותחזוקה,036408402,מינהל כללי,מדור עץ  ,,036406786
אגף הנדסה ותחזוקה,036408401,מינהל כללי,מדור מתכת ,,036408731
אגף הנדסה ותחזוקה,036406677,מינהל כללי,בקרת הזמנות עבודה מבנים,,036409890
אגף הנדסה ותחזוקה,036408714,מינהל כללי,בקרת הזמנות עבודה מערכות ,,036409890
אגף הנדסה ותחזוקה,036407788,מינהל כללי,מנהל פרוייקטים  ,,036409890
אגף הנדסה ותחזוקה,036406699,מינהל כללי,מנהל פרוייקטים  ,,036409890
אגף הנדסה ותחזוקה,036409999,מינהל כללי,מוקד תחזוקה  ,,036409890
אגף הנדסה ותחזוקה,036405555,מינהל כללי,מנהל יחידת ביטחון,6425380,036408880
אגף הנדסה ותחזוקה,036405555,מינהל כללי,מזכירות יחידה,,036408880
אגף הנדסה ותחזוקה,036408222,מינהל כללי,מוקד ביטחון וחירום,,036408880
אגף הנדסה ותחזוקה,036405555,מינהל כללי,מדור ביטחון,,036408880
אגף הנדסה ותחזוקה,036405625,מינהל כללי,מדור משק וגינון,,036406193
אגף הנדסה ותחזוקה,036408600,מינהל כללי,מדור גינון,,036406193
אגף הנדסה ותחזוקה,036408577,מינהל כללי,מדור דואר,,036407918
אגף הנדסה ותחזוקה,036405959,מינהל כללי,סמולרס - תיאום ארועים,,036406794
אגף הנדסה ותחזוקה,036408416,מינהל כללי,מנהל ארכיון האוניברסיטה,,036408883
אגף הנדסה ותחזוקה,036408017,מינהל כללי,מדור שילוט,,036407189
אגף הנדסה ותחזוקה,,מינהל כללי,מרפאה ,6415818,
אגף מחשוב וטכנולוגיות מידע,036408117,מינהל כללי,מערכות כספים ולוגיסטיקה,,036405158
אגף מחשוב וטכנולוגיות מידע,036408995,מינהל כללי,פיתוח מערכת תלמידים,,036409878
אגף מחשוב וטכנולוגיות מידע,036408180,מינהל כללי,מנהלת מערכת תלמידים,,036409878
אגף מחשוב וטכנולוגיות מידע,036408307,מינהל כללי,גביית שירותי מחשוב,,036405158
אגף מחשוב וטכנולוגיות מידע,036408059,מינהל כללי,מזכירת אגף מחשוב וטכנולוגיות מידע,,036405158
אגף מחשוב וטכנולוגיות מידע,036406204,מינהל כללי,עוזרת  מנהלית,,036405158
אגף מחשוב וטכנולוגיות מידע,036408888,מינהל כללי,מרכז תמיכה  ותקלות,,036405158
אגף מחשוב וטכנולוגיות מידע,036406068,מינהל כללי,אבטחת מידע כללי,,036405158
אגף מחשוב וטכנולוגיות מידע,036408090,מינהל כללי,"מערכות כ""א",,036405158
אגף מחשוב וטכנולוגיות מידע,036408059,מינהל כללי,"סמנכ""ל מחשוב וטכנולוגיות מידע",6427521,036405158
אגף מחשוב וטכנולוגיות מידע,036408312,מינהל כללי,קלט פלט,,036405158
אגף מחשוב וטכנולוגיות מידע,036405797,מינהל כללי,מנהלת פרוייקט ERP ,,036405158
אגף מחשוב וטכנולוגיות מידע,036406771,מינהל כללי,מערכות תלמידים,,036409878
אגף מחשוב וטכנולוגיות מידע,036408385,מינהל כללי,הרשאות גישה למערכות מידע מינהליות,,036409878
אגף מחשוב וטכנולוגיות מידע,036408305,מינהל כללי,הפעלה,,036405158
אגף מחשוב וטכנולוגיות מידע,036407847,מינהל כללי,צוות וידאו ,,036405158
אגף מחשוב וטכנולוגיות מידע,036408109,מינהל כללי,אחזקת מחשבים אישיים-טכנאים,,036405158
אגף מחשוב וטכנולוגיות מידע,036407374,מינהל כללי,מקינטוש,,036405158
אגף מחשוב וטכנולוגיות מידע,036408643,מינהל כללי,מערכות מקומיות + Exchange,,036405158
אגף מחשוב וטכנולוגיות מידע,036408053,מינהל כללי,מערכות תשתית / DBA,,036409878
אגף מחשוב וטכנולוגיות מידע,036407043,מינהל כללי,מערכות תקשורת כללי,,036405158
אגף מחשוב וטכנולוגיות מידע,036409117,מינהל כללי,מערכות ניהול משתמשים,,036405158
אגף מחשוב וטכנולוגיות מידע,036408586,מינהל כללי,פיתוח מאגרי אינטרנט,,036405158
אגף מחשוב וטכנולוגיות מידע,036409210,מינהל כללי,יעוץ מדעי וסטטיסטי,,036405158
אגף מחשוב וטכנולוגיות מידע,036408885,מינהל כללי,מערכות  unix/linux,,036405158
אגף מחשוב וטכנולוגיות מידע,036408311,מינהל כללי,מערכות הפעלה IBM,,036405158
אגף מחשוב וטכנולוגיות מידע,036408083,מינהל כללי,טכנאי תקשורת - תשתיות וציוד תקשורת,,036405158
דובר האוניברסיטה - קשרי עתונות,036405050,מינהל כללי,מערך הדוברות,,6408741
החברה הכלכלית,03-6406676,שונות,החברה הכלכלית,,
מזנונים,036409654,שונות,בניין גילמן קפיטריה (אפרופו),6424269,6424254
מזנונים,,שונות,"בניין שרת-""אתר ההסעדה"" ""מקדונלד'ס""",6414819,6412254
מזנונים,036404166,שונות,"בניין שרת-""אתר ההסעדה"" ""בשר ורוח""",,6421596
מזנונים,,שונות,"בניין שרת-""אתר ההסעדה"" ""עלים ירוקים""",6439181,6439181
מזנונים,036406878,שונות,"בניין שרת-""אתר ההסעדה"" ""למון גראס""",,6422646
מזנונים,,שונות,"ביה""ס להנדסאים קפיטריה",6420358,7441096
מזנונים,,שונות,כיכר אנטין - בניין מיטשל מזנון בייגל טו-גו,7440005,6349559
מזנונים,,שונות,כיכר אנטין - בניין מיטשל בית קפה קופי-שופ,6438639,6349559
מזנונים,036408122,שונות,"בניין וולפסון להנדסת מכונות קפיטריה ע""ש פיינר שונברג",,6424254
מזנונים,036406536,שונות,בניין יד אבנר קפיטריה,,6421596
מזנונים,,שונות,בניין שנקר קפיטריה (לב),,6424059
מזנונים,036406593,שונות,בניין ווב מועדון הסגל,,
מזנונים,036408406,שונות,בניין מכסיקו קפיטריה,,
מזנונים,036408354,שונות,"בניין טרובביץ למשפטים קפיטריה ע""ש אדה ויוסף אסאו",6421596,6421596
מזנונים,036409653,שונות,"בניין נפתלי קפיטריה ע""ש סוסי  לובשטיין",,6406541
מזנונים,036409572,שונות,בניין רפואה קפיטריה,,
מזנונים,036406585,שונות,בניין רפואת שיניים קפיטריה,,6406239
מזנונים,036407344,שונות,בניין רקנאטי- עגלה,,5493866
מזנונים,,שונות,בניין דן דוד- עגלה,,6424059
מזנונים,036409653,שונות,בניין ברגלס- (כלכלה) עגלה,,6406541
מזנונים,,שונות,בניין שרמן -עגלה,5330911,6349559
מזנונים,,שונות,בניין רוזנברג- עגלה,5330911,6349559
מזנונים,036409654,שונות,בניין כיתות הנדסה עגלה,,6424254
אגודת הסטודנטים,036407666,שונות,אגודת הסטודנטים,,036407665
אגודת הסטודנטים,,שונות,ג'וב טוב,7450111,
אגודת הסטודנטים,,שונות,נ.כ.ס.,6427083,
"אגודת ידידי אוניברסיטת ת""א",036406401,שונות,אגודת ידידי אוניברסיטת תל אביב,,6407294
"מועדון האוניברסיטה ע""ש מרסל גורדון",036408198,שונות,"מועדון האוניברסיטה ע""ש מרסל גורדון",,036408420
"מרכז הספורט  ע""ש גולדרייך",036408909,שונות,"מרכז הספורט  ע""ש גולדרייך .",6420154,036409674
"מרכז הספורט  ע""ש גולדרייך",036408440,שונות,מזכירות הספורט,,036409674
"מרכז הספורט  ע""ש גולדרייך",036408909,שונות,מזכירות רישום מנויים,,6420154
"מרכז הספורט  ע""ש גולדרייך",036405259,שונות,מדור רישום חינוך גופני חובה,,
ועדים,036408250,שונות,ועד העובדים - סגל מנהלי,6428816,036406790
ועדים,036408924,שונות,ועד העובדים - סגל אקדמי זוטר,6436106,036406214
ועדים,036407453,שונות,ועד העובדים - סגל אקדמי בכיר,,036406146
ועדים,036405208,שונות,ארגון גמלאים – סגל מינהלי,,036405208
בית התפוצות,,שונות,"לשכת מנכ""ל",7457888,7457891
בית התפוצות,,שונות,קשרי חוץ,7457873,7457891
בית התפוצות,,שונות,שיווק,7457870,7457882
בית התפוצות,,שונות,אירועים,7457880,7457882
בית התפוצות,,שונות,יחסי ציבור ופרסומים,7457883,7457831
בית התפוצות,,שונות, קופה ומודיעין,7457895,7457831
בית התפוצות,,שונות,"מאגרי מידע , גינאולוגיה ומחקר",7457858,7457831
בית התפוצות,,שונות,מרכז הזמנות,7457808,7457811
בית התפוצות,,שונות,מרכז לתיעוד חזותי,7457851,7457831
בית התפוצות,,שונות,תערוכות מתחלפות,7457842,7457831
דיונון,036408672,שונות,דיונון - משרדים,6427545,6423149
דיונון,036408413,שונות,דיונון - חנות,6410351,
דיונון,,שונות,דיונון פפירוס - הוצאה לאור,,6430156
רמות,036408113,שונות,רמות,6403400,6424146
רמות,036408113,שונות,הנהלה פרוייקטים וכספים,6403400,
רמות,,שונות,פרוייקטים,,6438764
רמות,036406608,שונות,פיתוח עסקים ופטנטים,6406608,6406675
רמות,036408113,שונות,הוצאה לאור,6403400,6424146
רמות,036408113,שונות,הדרכה,6403400,6424146
מנהלי גושים/בתים,036408559,שונות,אורנשטיין - כימיה,,036409264
מנהלי גושים/בתים,036409740,שונות,אולמות דולפי ולולה אבנר,,036409310
מנהלי גושים/בתים,036408548,שונות,"האקדמיה הישראלית למוסיקה ע""ש סמואל רובין",,036405463
מנהלי גושים/בתים,036409700,שונות,"ביוטכנולוגיה ע""ש ג'ק גרין",,036406748
מנהלי גושים/בתים,036409937,שונות,בית אבנר - גאוגרפיה,,036406243
מנהלי גושים/בתים,036406620,שונות,"בית כנסת ומרכז למורשת היהדות ע""ש צימבליסטה",,036408024
מנהלי גושים/בתים,036408500,שונות,בית המכונות,,036408891
מנהלי גושים/בתים,036405804,שונות,"בית הספר  לניהול היי-טק  ע""ש ג'ורג' לאווואן",,036405531
מנהלי גושים/בתים,036408503,שונות,"בית הספר להנדסאים ע""ש יוסף מיירהוף",,036407094
מנהלי גושים/בתים,036405810,שונות,"בית הספר לכלכלה ע""ש איתן ברגלס",,036409908
מנהלי גושים/בתים,036409700,שונות,"בריטניה ע""ש משפחת כהן- פורטר - מדעי החיים",,036406748
מנהלי גושים/בתים,036409220,שונות,"מדעי הרוח- ע""ש יצחק ורוזה גילמן",,036409457
מנהלי גושים/בתים,036408860,שונות,"הגלריה האוניברסיטאית לאמנות ע""ש גניה שרייבר",,036409020
מנהלי גושים/בתים,036409056,שונות,גן מאיר סיגל למחקר זואולוגי,,036406748
מנהלי גושים/בתים,036409910,שונות,גנים בוטניים,,036409151
מנהלי גושים/בתים,036408480,שונות,"דה-בוטון  מרכז הסטודנטים  ע""ש פורטונה .",,036409690
מנהלי גושים/בתים,036406004,שונות,דן דוד לכיתות,,036405186
מנהלי גושים/בתים,036409029,שונות,המכון לחקר הדגנים,,036407857
מנהלי גושים/בתים,036408690,שונות,"המרכז למרשם - ע""ש דסנברג-וולף",,036408371
מנהלי גושים/בתים,036405196,שונות,"ביה""ס לשפות  ע""ש משפחת  מקס ווב",,036406252
מנהלי גושים/בתים,036408869,שונות,וולפסון- להנדסת חשמל,,036407050
מנהלי גושים/בתים,036408121,שונות,וולפסון - להנדסה מכנית,,036407050
מנהלי גושים/בתים,036408772,שונות,"טרובוביץ –משפטים וספריה למשפטים ע""ש דויד י. לייט",,036407259
מנהלי גושים/בתים,036408919,שונות,לימודי הנדסה (כיתות חשמל),,036407050
מנהלי גושים/בתים,036409919,שונות,"מגדל למחקר רפואי ע""ש דוד גלסברג",,036407586
מנהלי גושים/בתים,036408198,שונות,"מועדון האוניברסיטה ע""ש מרסל גורדון",,036408420
מנהלי גושים/בתים,036408406,שונות,"מכסיקו  לאמנויות ע""ש פאני וישניאק",,036408406
מנהלי גושים/בתים,036406220,שונות,"מנהלה ע""ש יצחק ואלפרד גוטמן",,
מנהלי גושים/בתים,036408367,שונות,"מעונות הסטודנטים ע""ש סימון בוליבר",,6413671
מנהלי גושים/בתים,036405070,שונות,"מקצועות הבריאות ע""ש סטייר",,036405071
מנהלי גושים/בתים,036408559,שונות,"מרכז החישובים ע""ש לואיס קולדר הבן",,036409118
מנהלי גושים/בתים,036409633,שונות,"מרכז הסטודנטים ע""ש אריק מיטשל",,036409690
מנהלי גושים/בתים,036408909,שונות,"מרכז הספורט ע""ש גולדרייך",,6420154
מנהלי גושים/בתים,036409526,שונות,"פרץ נפתלי למדעי החברה , אודיטוריום בר שירה",,036409518
מנהלי גושים/בתים,036407962,שונות,"בנין הסנאט ע""ש ג'ורג' ס. וייז",,
מנהלי גושים/בתים,036408444,שונות,ספרית וינר,,036407833
מנהלי גושים/בתים,036409525,שונות,"ספריה למדעי החברה ולניהול ע""ש ברנדר- מוס",,036407840
מנהלי גושים/בתים,036406402,שונות,"ספריה למדעי החיים ולרפואה ע""ש גיטר-סמולרש",,036407592
מנהלי גושים/בתים,036408561,שונות,"ספריה למדעים מדויקים ולהנדסה ע""ש ניימן",,036408807
מנהלי גושים/בתים,036408772,שונות,"ספריה למשפטים ע""ש דוד י. לייט",,036407093
מנהלי גושים/בתים,036408444,שונות,"ספריה מרכזית ע""ש אליאס סוראסקי",,036407833
מנהלי גושים/בתים,036408559,שונות,"קפלון  ע""ש ד""ר שאול",,036409264
מנהלי גושים/בתים,036409390,שונות,"חקר התפוצות  ע""ש ויקטור ואדריאה קרטר",,036405542
מנהלי גושים/בתים,,שונות,רב תחומי  למחקר בהנדסה ובמדעים מדוייקים,,
מנהלי גושים/בתים,036405844,שונות," ע""ש מוריס וגבריאל גולדשלגר",,036407939
מנהלי גושים/בתים,036409050,שונות,"ביה""ס למדעי היהדות ע""ש חיים רוזנברג",,036407031
מנהלי גושים/בתים,036409740,שונות,"ביה""ס לרפואה ע""ש סאקלר",,036409310
מנהלי גושים/בתים,036409431,שונות,"ביה""ס לרפואת שיניים ע""ש מוריס וגבריאלה גולדשלגר",,036409250
מנהלי גושים/בתים,036408496,שונות,"ביה""ס למוסמכים במנהל עסקים  ע""ש ליאון רקנאטי",,036409560
מנהלי גושים/בתים,036409129,שונות,"ביה""ס לעבודה סוציאלית ע""ש בוב שאפל",,036409182
מנהלי גושים/בתים,036408559,שונות,"שנקר פיסיקה לאסטרונומיה ע""ש רבקה ואריה",,036409264
מנהלי גושים/בתים,036408030,שונות,"שרייבר – המכון למתמטיקה ע""ש ולדימיר",,036409357
מנהלי גושים/בתים,036409700,שונות,"שרמן – בנין מדעי החיים  ע""ש ארצי שרמן.",,036406748
מנהלי גושים/בתים,036408677,שונות,"שרת ביה""ס למדעי החינוך",,036409477
מנהלי גושים/בתים,036408424,שונות,תוכנה,,
"בית כנסת ומרכז למורשת היהדות ע""ש צימבליסטה",036408020,שונות,ראש המרכז,,036408024
"בית כנסת ומרכז למורשת היהדות ע""ש צימבליסטה",036408020,שונות,המזכירות,,036408024
"בית כנסת ומרכז למורשת היהדות ע""ש צימבליסטה",036408020,שונות,בית-הכנסת,,036408024
מעונות,036408333,שונות,מעונות הסטודנטים,,36413671
שכר לימוד,036404436,רישום ושכר לימוד,שכר לימוד,,
שכר לימוד,036404433,רישום ושכר לימוד,שכר לימוד,,
שכר לימוד,036408318,רישום ושכר לימוד,המוקד הטלפוני  לענייני שכר לימוד,6408318,036406720
שכר לימוד,036404430,רישום ושכר לימוד,שכר לימוד,,
מינהל תלמידים כללי,036408316,רישום ושכר לימוד,שירותי קורסים וציונים,,036406721
מינהל תלמידים כללי,036406805,רישום ושכר לימוד,היחידה למיון ומחקר,,036408371
מינהל תלמידים כללי,036404896,רישום ושכר לימוד,תיקיה ,,
מינהל תלמידים כללי,036404876,רישום ושכר לימוד,תיקיה ,,
מינהל תלמידים כללי,036408946,רישום ושכר לימוד,מדור תלמידים,,036406721
המוקד הטלפוני לענייני שכר לימוד,036408318,רישום ושכר לימוד,המוקד הטלפוני  לענייני שכר לימוד,6408318,036406720
המוקד הטלפוני לענייני רישום,,רישום ושכר לימוד,המוקד הטלפוני לענייני רישום ,6405550,
מזכירות אגף רישום ומינהל תלמידים,036408088,רישום ושכר לימוד,מנהל אגף רישום ומינהל תלמידים,,036408371
מזכירות אגף רישום ומינהל תלמידים,036408615,רישום ושכר לימוד,מזכירות אגף רישום ומנהל תלמידים,,036408371
רישום וקבלה,036404893,רישום ושכר לימוד,מדעים מדוייקים ,,
רישום וקבלה,,רישום ושכר לימוד,חשבונואות ,,
רישום וקבלה,,רישום ושכר לימוד,מדעי החברה ,,
רישום וקבלה,,רישום ושכר לימוד,ניהול  ,,
רישום וקבלה,036404891,רישום ושכר לימוד,הנדסה ,,
רישום וקבלה,,רישום ושכר לימוד,אמנויות -אדריכלות ,,
רישום וקבלה,036404871,רישום ושכר לימוד,אמנויות  ,,
רישום וקבלה,,רישום ושכר לימוד,רכזות רישום וקבלה - תואר ראשון,,
רישום וקבלה,036404897,רישום ושכר לימוד,מנהלת משרד הרישום והקבלה,,036406722
רישום וקבלה,,רישום ושכר לימוד,המוקד הטלפוני לענייני רישום ,6405550,
רישום וקבלה,036404870,רישום ושכר לימוד,נוער שוחר מדע,,
רישום וקבלה,036404892,רישום ושכר לימוד,"ממונה על שקילות תעודות מחו""ל /עולים",6408317,
רישום וקבלה,036404867,רישום ושכר לימוד,רישום עולים ,,
רישום וקבלה,036404874,רישום ושכר לימוד,רישום לתואר שני ,036404886,
רישום וקבלה,036404870,רישום ושכר לימוד,תקשורת ,,
רישום וקבלה,036404870,רישום ושכר לימוד,"ביה""ס לחינוך ",,
רישום וקבלה,,רישום ושכר לימוד,רכזות רישום וקבלה - תואר שני,,
רישום וקבלה,036404891,רישום ושכר לימוד,אדריכלות ,,
רישום וקבלה,036404873,רישום ושכר לימוד,מדעי הרוח  ,,
רישום וקבלה,036404873,רישום ושכר לימוד,"ביה""ס לעבודה סוציאלית ",,
רישום וקבלה,036404871,רישום ושכר לימוד,פיזיותרפיה ,,
רישום וקבלה,036404871,רישום ושכר לימוד,סיעוד ,,
רישום וקבלה,036404872,רישום ושכר לימוד,הפרעות בתקשורת ,,
רישום וקבלה,036404897,רישום ושכר לימוד,משפטים ,,
רישום וקבלה,036404872,רישום ושכר לימוד,"ביה""ס לרפואת שיניים",,
רישום וקבלה,036404895,רישום ושכר לימוד,אחראית רישום לתואר שני ,,
רישום וקבלה,,רישום ושכר לימוד,רפואה ,,
רישום וקבלה,036404872,רישום ושכר לימוד,"ביה""ס לרפואה",,
רישום וקבלה,036408710,רישום ושכר לימוד,מנהלת ומזכירות משרד הרישום והקבלה,,036406722
"משרד המנכ""ל",036408637,הנהלה,משרד המנהל הכללי,6410210,036409720
לשכת היועץ המשפטי,036408498,הנהלה,לשכת היועץ המשפטי,6415642,036409724
לשכת סגן הנשיא לקשרי חוץ,036408226,הנהלה,לשכת סגן הנשיא לקשרי חוץ,6415278,6422752
לשכת הרקטור,036408280,הנהלה,לשכת הרקטור,6418977,036407174
לשכת מבקר האוניברסיטה,036408490,הנהלה,לשכת מבקר האוניברסיטה,6421258,036407264
לשכת סגן הנשיא למחקר ופיתוח,036408475,הנהלה,לשכת סגן הנשיא למחקר ופיתוח,,036409352
"לשכת יו""ר הוועד המנהל",036406124,הנהלה,"לשכת יו""ר הוועד המנהל",6410210,036409720
לשכת הנשיא,036408348,הנהלה,לשכת הנשיא,6423841,6422379
רשות המחקר,,מינהל אקדמי,רשות המחקר,,
רשות המחקר,036408774,מינהל אקדמי,מנהל רשות המחקר,6410251,036409697
רשות המחקר,036408774,מינהל אקדמי,מזכירות- רשות המחקר,6410251,036409697
רשות המחקר,036408775,מינהל אקדמי,מדור בקשות וחוזים,,036409697
רשות המחקר,036408776,מינהל אקדמי,תפעול מחקרים,,036409697
רשות המחקר,036408897,מינהל אקדמי,דווח כספי,,
רשות המחקר,036406244,מינהל אקדמי,קרנות פנים,,
רשות המחקר,036406245,מינהל אקדמי,מתאם מערכות מידע,,
רשות המחקר,036406081,מינהל אקדמי,מדור מידע,,036406747
רשות המחקר,036406240,מינהל אקדמי,מדור אירופה,,036405598
משרד המזכירות האקדמית,036408770,מינהל אקדמי,משרד המזכיר האקדמי,,036408875
משרד המזכירות האקדמית,036408873,מינהל אקדמי,מדור  הסגל האקדמי,,036405649
משרד המזכירות האקדמית,036408602,מינהל אקדמי,מדור הסגל האקדמי ,,036405283
משרד המזכירות האקדמית,036409673,מינהל אקדמי,מדור סנט וועדותיו,,036408778
משרד המזכירות האקדמית,036408161,מינהל אקדמי,מדור תלמידי מחקר,,6416226
משרד המזכירות האקדמית,036409670,מינהל אקדמי,מדור קרנות ומילגות,,036405332
משרד המזכירות האקדמית,036406758,מינהל אקדמי,קובל בענייני משמעת סטודנטים,,
משרד המזכירות האקדמית,036409989,מינהל אקדמי,משרד קליטת עליה,,036409265
המרכז לקידום ההוראה,036406651,יחידות אקדמיות,המרכז לקידום ההוראה ,,036406650
המרכז לקידום ההוראה,036406648,יחידות אקדמיות,סדנאות למרצים ,,
"הפקולטה לאמנויות ע""ש יולנדה ודוד כץ",036408412,יחידות אקדמיות,לשכת דקאן,03-6408412,036409482
"הפקולטה לאמנויות ע""ש יולנדה ודוד כץ",036408673,יחידות אקדמיות,ראש מנהל הפקולטה,,036407474
"הפקולטה לאמנויות ע""ש יולנדה ודוד כץ",036405192,יחידות אקדמיות,"ע/ רמ""ה לתלמידים",,036406499
"הפקולטה לאמנויות ע""ש יולנדה ודוד כץ",036408415,יחידות אקדמיות,"ביה""ס למוזיקה ע""ש בוכמן מהטה",6423420,036409174
"הפקולטה לאמנויות ע""ש יולנדה ודוד כץ",036407047,יחידות אקדמיות,רכז אירועים,,036405463
"הפקולטה לאמנויות ע""ש יולנדה ודוד כץ",036409505,יחידות אקדמיות,ארכיון למוזיקולוגיה,,036407358
"הפקולטה לאמנויות ע""ש יולנדה ודוד כץ",036405553,יחידות אקדמיות,"ביה""ס לאדריכלות ע""ש דוד עזריאלי",,036407780
"הפקולטה לאמנויות ע""ש יולנדה ודוד כץ",036408860,יחידות אקדמיות,"הגלריה האוניברסיטאית לאמנות ע""ש גניה שרייבר",,036409020
"הפקולטה לאמנויות ע""ש יולנדה ודוד כץ",036408612,יחידות אקדמיות,החוג לאמנות התאטרון,,036406964
"הפקולטה לאמנויות ע""ש יולנדה ודוד כץ",036408299,יחידות אקדמיות,הפקות החוג לתאטרון,6424054,036407479
"הפקולטה לאמנויות ע""ש יולנדה ודוד כץ",036408304,יחידות אקדמיות,ארכיון הישראלי לתאטרון,,036409970
"הפקולטה לאמנויות ע""ש יולנדה ודוד כץ",036408403,יחידות אקדמיות,החוג לקולנוע וטלוויזיה,03-6409483,036406096
"הפקולטה לאמנויות ע""ש יולנדה ודוד כץ",036408527,יחידות אקדמיות,מחסן קולנוע וטלוויזיה,,036406096
"הפקולטה לאמנויות ע""ש יולנדה ודוד כץ",036409008,יחידות אקדמיות,הפקות קולנוע וטלוויזיה,,036406096
"הפקולטה לאמנויות ע""ש יולנדה ודוד כץ",036406562,יחידות אקדמיות,אולפני קולנוע וטלוויזיה,,036406096
"הפקולטה לאמנויות ע""ש יולנדה ודוד כץ",036408482,יחידות אקדמיות,החוג לתולדות האמנות,,036409482
"הפקולטה לאמנויות ע""ש יולנדה ודוד כץ",036408889,יחידות אקדמיות,ארכיון שקופיות,,036409482
"הפקולטה לאמנויות ע""ש יולנדה ודוד כץ",036409004,יחידות אקדמיות,התכנית הרב תחומית באמנויות,,036408349
"הפקולטה לאמנויות ע""ש יולנדה ודוד כץ",036407230,יחידות אקדמיות,התכנית הבינתחומית לתואר שני והתכנית להבעה ויצירה,,036408349
"הפקולטה לאמנויות ע""ש יולנדה ודוד כץ",036408266,יחידות אקדמיות,מזכירות מורים,,036409482
"הפקולטה לאמנויות ע""ש יולנדה ודוד כץ",036409006,יחידות אקדמיות,מזכירות סטודנטים,,036406499
"הפקולטה לאמנויות ע""ש יולנדה ודוד כץ",036405192,יחידות אקדמיות,מזכירות תואר שני ושלישי,,036406499
"הפקולטה לאמנויות ע""ש יולנדה ודוד כץ",036409487,יחידות אקדמיות,רכז השתלמויות ופרוייקטים,6412450,036406371
"הפקולטה לאמנויות ע""ש יולנדה ודוד כץ",036407021,יחידות אקדמיות,מעבדת מחשבים,,036409482
"הפקולטה לאמנויות ע""ש יולנדה ודוד כץ",036408406,יחידות אקדמיות,משרד אב הבית,,036408456
"הפקולטה לאמנויות ע""ש יולנדה ודוד כץ",036406734,יחידות אקדמיות,בית ציפר לתיעוד וחקר האמנות הפלאסטית בישראל,,036406723
"בית הספר לחינוך  ע""ש חיים וזואן קונסטנטינר",036408843,יחידות אקדמיות,לשכת ראש בית הספר,6421306,036409477
"בית הספר לחינוך  ע""ש חיים וזואן קונסטנטינר",036408843,יחידות אקדמיות,ראש מינהל בית הספר  ,,036409477
"בית הספר לחינוך  ע""ש חיים וזואן קונסטנטינר",036408843,יחידות אקדמיות,"מזכירות ביה""ס",,036409477
"בית הספר לחינוך  ע""ש חיים וזואן קונסטנטינר",036408468,יחידות אקדמיות,מזכירות כח-אדם,,036405202
"בית הספר לחינוך  ע""ש חיים וזואן קונסטנטינר",036405495,יחידות אקדמיות,מרכזת מזכירות תלמידים,,036406463
"בית הספר לחינוך  ע""ש חיים וזואן קונסטנטינר",036408459,יחידות אקדמיות,מזכירות סטודנטים תואר ראשון,,036406463
"בית הספר לחינוך  ע""ש חיים וזואן קונסטנטינר",036406148,יחידות אקדמיות,מזכירות סטודנטים תואר שני  בחוג לחינוך מיוחד ולייעוץ חינוכי,,036406463
"בית הספר לחינוך  ע""ש חיים וזואן קונסטנטינר",036406148,יחידות אקדמיות,מזכירות סטודנטים תואר שני בחוג לחינוך מתמטי מדעי וטכנולוגי,,036406463
"בית הספר לחינוך  ע""ש חיים וזואן קונסטנטינר",036405497,יחידות אקדמיות,מזכירות סטודנטים תואר שני בחוג למדיניות ומינהל בחינוך,,036406463
"בית הספר לחינוך  ע""ש חיים וזואן קונסטנטינר",036409480,יחידות אקדמיות,מזכירות סטודנטים תואר שני בחוג לתכנון לימודים והוראה,,036406463
"בית הספר לחינוך  ע""ש חיים וזואן קונסטנטינר",036409480,יחידות אקדמיות,מזכירת תלמידי מחקר,,036406463
"בית הספר לחינוך  ע""ש חיים וזואן קונסטנטינר",036408460,יחידות אקדמיות,מזכירות סטודנטים תעודת הוראה,,036406463
"בית הספר לחינוך  ע""ש חיים וזואן קונסטנטינר",036408472,יחידות אקדמיות,החוג לחינוך מיוחד ולייעוץ חינוכי,,036406294
"בית הספר לחינוך  ע""ש חיים וזואן קונסטנטינר",036407978,יחידות אקדמיות,החוג למדיניות ומינהל בחינוך,,036406011
"בית הספר לחינוך  ע""ש חיים וזואן קונסטנטינר",036408486,יחידות אקדמיות,"החוג לחינוך מתמטי , מדעי וטכנולוגי",,036405068
"בית הספר לחינוך  ע""ש חיים וזואן קונסטנטינר",036406045,יחידות אקדמיות,החוג לתכנון לימודים והוראה,,036405067
"בית הספר לחינוך  ע""ש חיים וזואן קונסטנטינר",036408469,יחידות אקדמיות,היחידה לנוער שוחר מדע,6423380,036408184
"בית הספר לחינוך  ע""ש חיים וזואן קונסטנטינר",036408466,יחידות אקדמיות,המרכז האוניברסיטאי לפיתוח סגל בחינוך ,6410195,036408157
"בית הספר לחינוך  ע""ש חיים וזואן קונסטנטינר",036408461,יחידות אקדמיות,המרכז לקידום החינוך המדעי טכנולוגי.,6422339,036407752
"בית הספר לחינוך  ע""ש חיים וזואן קונסטנטינר",036407228,יחידות אקדמיות,מרכז קלמן לחינוך יהודי,6412731,036408414
"בית הספר לחינוך  ע""ש חיים וזואן קונסטנטינר",036408485,יחידות אקדמיות,היחידה לסוציולוגיה של החינוך והקהילה,,036409477
"בית הספר לחינוך  ע""ש חיים וזואן קונסטנטינר",036406267,יחידות אקדמיות,"מועדון המוסמכים של ביה""ס לחינוך",,036406463
"בית הספר לחינוך  ע""ש חיים וזואן קונסטנטינר",036406035,יחידות אקדמיות,למידה אקדמית ברשת ,,036405526
"בית הספר לחינוך  ע""ש חיים וזואן קונסטנטינר",036408855,יחידות אקדמיות,יחידת עיבוד תמלילים,,
"בית הספר לחינוך  ע""ש חיים וזואן קונסטנטינר",036408464,יחידות אקדמיות,ארכיון לחינוך יהודי בארץ ובתפוצות,,036405079
"בית הספר לחינוך  ע""ש חיים וזואן קונסטנטינר",036408677,יחידות אקדמיות,מנהל הבית,,
"בית הספר לחינוך  ע""ש חיים וזואן קונסטנטינר",036407055,יחידות אקדמיות,ספריית חינוך,,036406509
"בית הספר לחינוך  ע""ש חיים וזואן קונסטנטינר",036407122,יחידות אקדמיות,יחידת הטכנולוגיה,,
"בית הספר לחינוך  ע""ש חיים וזואן קונסטנטינר",036408926,יחידות אקדמיות,יחידת השכפול,,
"בית הספר לחינוך  ע""ש חיים וזואן קונסטנטינר",036407894,יחידות אקדמיות,יחידת המחשב,,036405738
"בית הספר לחינוך  ע""ש חיים וזואן קונסטנטינר",036405494,יחידות אקדמיות,מזכירת משק ומינהל ,,036407101
"בית הספר לחינוך  ע""ש חיים וזואן קונסטנטינר",036408178,יחידות אקדמיות,תקציבים,,036407808
"הפקולטה למדעי הרוח ע""ש לסטר וסאלי אנטין",036409788,יחידות אקדמיות,לשכת דקאן,6415286,036407839
"הפקולטה למדעי הרוח ע""ש לסטר וסאלי אנטין",036409491,יחידות אקדמיות,ראש מנהל פקולטה,6424992,036409457
"הפקולטה למדעי הרוח ע""ש לסטר וסאלי אנטין",036409998,יחידות אקדמיות,עוזר ראש מנהל הפקולטה לענייני הוראה,,036409457
"הפקולטה למדעי הרוח ע""ש לסטר וסאלי אנטין",036409455,יחידות אקדמיות,עוזר ראש מנהל הפקולטה לענייני כח אדם ומשק,,036409457
"הפקולטה למדעי הרוח ע""ש לסטר וסאלי אנטין",036409925,יחידות אקדמיות,עוזר ראש מנהל הפקולטה לתקציבים,,036409457
"הפקולטה למדעי הרוח ע""ש לסטר וסאלי אנטין",036409780,יחידות אקדמיות,מזכירות סטודנטים ובחינות,,036406584
"הפקולטה למדעי הרוח ע""ש לסטר וסאלי אנטין",036409996,יחידות אקדמיות,מזכירת ועדת הוראה ולימודים,,036409684
"הפקולטה למדעי הרוח ע""ש לסטר וסאלי אנטין",036409288,יחידות אקדמיות,מזכירות סגל בכיר וועדות מינויים,,036407839
"הפקולטה למדעי הרוח ע""ש לסטר וסאלי אנטין",036409324,יחידות אקדמיות,מזכירות סגל זוטר ומלגות,,036407839
"הפקולטה למדעי הרוח ע""ש לסטר וסאלי אנטין",036409927,יחידות אקדמיות,צוות מערכות מחשב,,036405576
"הפקולטה למדעי הרוח ע""ש לסטר וסאלי אנטין",036407608,יחידות אקדמיות,כיתות מחשב במדעי  הרוח- בניין גילמן,,
"הפקולטה למדעי הרוח ע""ש לסטר וסאלי אנטין",036405197,יחידות אקדמיות,כיתת מחשב במדעי הרוח- בניין ווב,,
"הפקולטה למדעי הרוח ע""ש לסטר וסאלי אנטין",036409789,יחידות אקדמיות, חדרים ומערכת שעות,,036409457
"הפקולטה למדעי הרוח ע""ש לסטר וסאלי אנטין",036409789,יחידות אקדמיות,לומדים בגילמן,,036409457
"הפקולטה למדעי הרוח ע""ש לסטר וסאלי אנטין",036406145,יחידות אקדמיות,יחידת קרנות מחקר,,036409457
"הפקולטה למדעי הרוח ע""ש לסטר וסאלי אנטין",036408351,יחידות אקדמיות,יחידת צילום ושכפול,,
"הפקולטה למדעי הרוח ע""ש לסטר וסאלי אנטין",036409625,יחידות אקדמיות,"ביה""ס להיסטוריה",,036409469
"הפקולטה למדעי הרוח ע""ש לסטר וסאלי אנטין",036409275,יחידות אקדמיות,"ביה""ס למדעי היהדות ע""ש חיים רוזנברג",,036407031
"הפקולטה למדעי הרוח ע""ש לסטר וסאלי אנטין",036409325,יחידות אקדמיות,"ביה""ס למדעי התרבות ע""ש שירלי  ולסלי פורטר",,036407909
"הפקולטה למדעי הרוח ע""ש לסטר וסאלי אנטין",036409460,יחידות אקדמיות,תוכנית מחקר התרבות,,036407909
"הפקולטה למדעי הרוח ע""ש לסטר וסאלי אנטין",036409325,יחידות אקדמיות,תכנית הלימודים הקוגנטיביים של השפה ושימושיה,,036407909
"הפקולטה למדעי הרוח ע""ש לסטר וסאלי אנטין",036409995,יחידות אקדמיות,מחקר תרבות הילד והנוער,,036407247
"הפקולטה למדעי הרוח ע""ש לסטר וסאלי אנטין",036407804,יחידות אקדמיות,לימודי תעודה בתרגום ובעריכת תרגום,,
"הפקולטה למדעי הרוח ע""ש לסטר וסאלי אנטין",036405627,יחידות אקדמיות,"ביה""ס לפילוסופיה",,036405628
"הפקולטה למדעי הרוח ע""ש לסטר וסאלי אנטין",036409683,יחידות אקדמיות,החוג לאנגלית,,036407312
"הפקולטה למדעי הרוח ע""ש לסטר וסאלי אנטין",036409703,יחידות אקדמיות,החוג לארכיאולוגיה ותרבויות המזרח הקדום,,036407237
"הפקולטה למדעי הרוח ע""ש לסטר וסאלי אנטין",036409685,יחידות אקדמיות,החוג לבלשנות,,036405109
"הפקולטה למדעי הרוח ע""ש לסטר וסאלי אנטין",036409896,יחידות אקדמיות,החוג לגיאוגרפיה וסביבת האדם,6423619,036406243
"הפקולטה למדעי הרוח ע""ש לסטר וסאלי אנטין",036409785,יחידות אקדמיות,החוג להיסטוריה כללית,,036406229
"הפקולטה למדעי הרוח ע""ש לסטר וסאלי אנטין",036409450,יחידות אקדמיות,החוג להיסטוריה של המזרח התיכון ואפריקה,,036406934
"הפקולטה למדעי הרוח ע""ש לסטר וסאלי אנטין",036409277,יחידות אקדמיות,החוג להיסטוריה של עם ישראל,,036405542
"הפקולטה למדעי הרוח ע""ש לסטר וסאלי אנטין",036407836,יחידות אקדמיות,החוג ללימודי מזרח אסיה,,036406712
"הפקולטה למדעי הרוח ע""ש לסטר וסאלי אנטין",036409723,יחידות אקדמיות,החוג ללימודי הערבית והאסלאם,,036405109
"הפקולטה למדעי הרוח ע""ש לסטר וסאלי אנטין",036403787,יחידות אקדמיות,החוג ללימודי התרבות העברית,,036407367
"הפקולטה למדעי הרוח ע""ש לסטר וסאלי אנטין",036409787,יחידות אקדמיות,לימודי תעודה בעריכה לשונית,,
"הפקולטה למדעי הרוח ע""ש לסטר וסאלי אנטין",036409779,יחידות אקדמיות,החוג ללימודים קלאסיים,,036409457
"הפקולטה למדעי הרוח ע""ש לסטר וסאלי אנטין",036409502,יחידות אקדמיות,החוג לספרות ,,036405305
"הפקולטה למדעי הרוח ע""ש לסטר וסאלי אנטין",036409492,יחידות אקדמיות,החוג לפילוסופיה,,036407630
"הפקולטה למדעי הרוח ע""ש לסטר וסאלי אנטין",036409287,יחידות אקדמיות,החוג לצרפתית,,036406252
"הפקולטה למדעי הרוח ע""ש לסטר וסאלי אנטין",036409072,יחידות אקדמיות,התכנית הרב-תחומית,,036406904
"הפקולטה למדעי הרוח ע""ש לסטר וסאלי אנטין",036405936,יחידות אקדמיות,התכנית ללימודי נשים ומגדר בסיוע NCJW,,036405937
"הפקולטה למדעי הרוח ע""ש לסטר וסאלי אנטין",036409417,יחידות אקדמיות,"מכון לארכיאולוגיה ע""ש סוניה ומרקו נדלר",,036407273
"הפקולטה למדעי הרוח ע""ש לסטר וסאלי אנטין",036409731,יחידות אקדמיות,מכון מינרבה להיסטוריה גרמנית,,036409464
"הפקולטה למדעי הרוח ע""ש לסטר וסאלי אנטין",036409680,יחידות אקדמיות,"מכון לחקר הציונות וישראל ע""ש חיים וייצמן",,036409468
"הפקולטה למדעי הרוח ע""ש לסטר וסאלי אנטין",036409608,יחידות אקדמיות,"מכון  לחקר רוסיה ומזרח אירופה  ע""ש קמינגס",,036409721
"הפקולטה למדעי הרוח ע""ש לסטר וסאלי אנטין",036409100,יחידות אקדמיות,מרכז משה דיין ללימודי מזרח התיכון ואפריקה,,6415802
"הפקולטה למדעי הרוח ע""ש לסטר וסאלי אנטין",036409584,יחידות אקדמיות,מרכז המידע במרכז משה דיין,,6415802
"הפקולטה למדעי הרוח ע""ש לסטר וסאלי אנטין",036409924,יחידות אקדמיות,ארכיון עיתונות במרכז משה דיין,,6415802
"הפקולטה למדעי הרוח ע""ש לסטר וסאלי אנטין",036406052,יחידות אקדמיות,התכנית לחקר הפוליטיקה הערבית בישראל,,036406046
"הפקולטה למדעי הרוח ע""ש לסטר וסאלי אנטין",036409799,יחידות אקדמיות,"המרכז לחקר התפוצות ע""ש  גולדשטיין – גורן",,036407287
"הפקולטה למדעי הרוח ע""ש לסטר וסאלי אנטין",036409171,יחידות אקדמיות,המכון לחקר תולדות יהדות פולין ויחסי ישראל-פולין,,036407287
"הפקולטה למדעי הרוח ע""ש לסטר וסאלי אנטין",036409420,יחידות אקדמיות,"מכון לפואטיקה וסמיוטיקה ע""ש פורטר",,036408980
"הפקולטה למדעי הרוח ע""ש לסטר וסאלי אנטין",036409326,יחידות אקדמיות,מכון אוה ומרק ביסן לחקר תודעה הסטורית,,6411207
"הפקולטה למדעי הרוח ע""ש לסטר וסאלי אנטין",036409198,יחידות אקדמיות,"מכון ע""ש כהן להיסטוריה ולפילוסופיה של המדעים והרעיונות",,036409463
"הפקולטה למדעי הרוח ע""ש לסטר וסאלי אנטין",036407805,יחידות אקדמיות,"המכון ללשון ,  לספרות ולתרבות היידיש ע""ש משפחת גולדרייך",,036407732
"הפקולטה למדעי הרוח ע""ש לסטר וסאלי אנטין",036409701,יחידות אקדמיות,מכון כץ לחקר הספרות העברית,,
"הפקולטה למדעי הרוח ע""ש לסטר וסאלי אנטין",036409701,יחידות אקדמיות,מרכז קיפ לחקר הספרות והתרבות העברית,,
"הפקולטה למדעי הרוח ע""ש לסטר וסאלי אנטין",036408383,יחידות אקדמיות,"מכון לחקר האנטישמיות והגזענות בנות זמננו  ע""ש סטפן רוט",,036408383
"הפקולטה למדעי הרוח ע""ש לסטר וסאלי אנטין",036408665,יחידות אקדמיות,"המכון לחקר העיתונות והתקשורת היהודית ע""ש אנדריאה וצ'רלס ברונפמן",6413404,6422318
"הפקולטה למדעי הרוח ע""ש לסטר וסאלי אנטין",036405013,יחידות אקדמיות,המכון ללימודי אמריקה הלטינית,,036406931
"הפקולטה למדעי הרוח ע""ש לסטר וסאלי אנטין",036406285,יחידות אקדמיות,מערכת כתב-העת EIAL,,036406931
"הפקולטה למדעי הרוח ע""ש לסטר וסאלי אנטין",036406367,יחידות אקדמיות,"מערכת כתב-העת ""זמנים""",,
"הפקולטה למדעי הרוח ע""ש לסטר וסאלי אנטין",036405187,יחידות אקדמיות,הפרויקט לחקר תרבויות הים התיכון,,
"הפקולטה למדעי הרוח ע""ש לסטר וסאלי אנטין",036407328,יחידות אקדמיות,מערכת כתב העת MHR,,
"הפקולטה למדעי הרוח ע""ש לסטר וסאלי אנטין",036406073,יחידות אקדמיות,מרכז קנטור לחקר יהדות אירופה בימינו,,036406034
"הפקולטה להנדסה ע""ש איבי ואלדר פליישמן",036408738,יחידות אקדמיות,לשכת הדקאן ,,036407221
"הפקולטה להנדסה ע""ש איבי ואלדר פליישמן",036408736,יחידות אקדמיות,ראש מנהל הפקולטה,6413019,036407221
"הפקולטה להנדסה ע""ש איבי ואלדר פליישמן",036406970,יחידות אקדמיות,עוזר ראש מינהל לענייני תלמידים ,,036406062
"הפקולטה להנדסה ע""ש איבי ואלדר פליישמן",036408960,יחידות אקדמיות,מזכירות כח אדם,036407046,036406036
"הפקולטה להנדסה ע""ש איבי ואלדר פליישמן",036408136,יחידות אקדמיות,תקציבנית,,
"הפקולטה להנדסה ע""ש איבי ואלדר פליישמן",036408120,יחידות אקדמיות,רכז משק,,
"הפקולטה להנדסה ע""ש איבי ואלדר פליישמן",036408121,יחידות אקדמיות,מנהל גוש,,
"הפקולטה להנדסה ע""ש איבי ואלדר פליישמן",036406868,יחידות אקדמיות,מזכירות סטודנטים תואר ראשון הנדסת חשמל,,036406062
"הפקולטה להנדסה ע""ש איבי ואלדר פליישמן",036409419,יחידות אקדמיות,מזכירות סטודנטים תואר ראשון - הנדסה מכנית,,036406062
"הפקולטה להנדסה ע""ש איבי ואלדר פליישמן",036408489,יחידות אקדמיות,מזכירות סטודנטים תואר ראשון - הנדסה ביו רפואית,,036406062
"הפקולטה להנדסה ע""ש איבי ואלדר פליישמן",036408489,יחידות אקדמיות,מזכירות סטודנטים תואר ראשון - הנדסת תעשיה וניהול,,036406062
"הפקולטה להנדסה ע""ש איבי ואלדר פליישמן",036406869,יחידות אקדמיות,מרכזת מזכירות תארים מתקדמים,,036406013
"הפקולטה להנדסה ע""ש איבי ואלדר פליישמן",036405791,יחידות אקדמיות,מזכירות סטודנטים תואר שני - הנדסת חשמל,,036406013
"הפקולטה להנדסה ע""ש איבי ואלדר פליישמן",036408372,יחידות אקדמיות,מזכירות סטודנטים תואר שני - הנדסה מכנית,,036406013
"הפקולטה להנדסה ע""ש איבי ואלדר פליישמן",036408372,יחידות אקדמיות,מזכירות סטודנטים תואר שני - הנדסה ביו רפואית,,036406013
"הפקולטה להנדסה ע""ש איבי ואלדר פליישמן",036408372,יחידות אקדמיות,מזכירות  סטודנטים תואר שני - הנדסת תעשיה,,036406013
"הפקולטה להנדסה ע""ש איבי ואלדר פליישמן",036409915,יחידות אקדמיות,מזכירות סטודנטים תואר שני - הנדסת חומרים וננו-טכנולוגיות,,
"הפקולטה להנדסה ע""ש איבי ואלדר פליישמן",036407329,יחידות אקדמיות,מזכירות סטודנטים תואר שלישי,,
"הפקולטה להנדסה ע""ש איבי ואלדר פליישמן",036405084,יחידות אקדמיות,מזכירות בחינות,,036405798
"הפקולטה להנדסה ע""ש איבי ואלדר פליישמן",036406420,יחידות אקדמיות,מערכת שעות,,
"הפקולטה להנדסה ע""ש איבי ואלדר פליישמן",036405133,יחידות אקדמיות,שירותי הדפסה,,036405798
"הפקולטה להנדסה ע""ש איבי ואלדר פליישמן",036406194,יחידות אקדמיות,"ביה""ס להנדסת חשמל",,
"הפקולטה להנדסה ע""ש איבי ואלדר פליישמן",036408765,יחידות אקדמיות,המחלקה להנדסת חשמל - אלקטרוניקה פיזיקלית,,6423508
"הפקולטה להנדסה ע""ש איבי ואלדר פליישמן",036408764,יחידות אקדמיות,המחלקה להנדסת חשמל - מערכות,,036407095
"הפקולטה להנדסה ע""ש איבי ואלדר פליישמן",036408930,יחידות אקדמיות,"ביה""ס להנדסה מכנית",,036407334
"הפקולטה להנדסה ע""ש איבי ואלדר פליישמן",,יחידות אקדמיות,"ביה""ס להנדסה מכנית ",,036407617
"הפקולטה להנדסה ע""ש איבי ואלדר פליישמן",036408658,יחידות אקדמיות,מכון אלה קודש למחקרים הנדסיים ופיסיקליים של הלב,,036405830
"הפקולטה להנדסה ע""ש איבי ואלדר פליישמן",036408123,יחידות אקדמיות,המחלקה להנדסה ביו - רפואית,,036407939
"הפקולטה להנדסה ע""ש איבי ואלדר פליישמן",036408389,יחידות אקדמיות,המחלקה להנדסת תעשיה,,036407669
"הפקולטה להנדסה ע""ש איבי ואלדר פליישמן",036409447,יחידות אקדמיות,שילובים –מועדון הבוגרים,,036406751
"הפקולטה למדעי החיים ע""ש גורג ס וויז",036409800,יחידות אקדמיות,לשכת דקאן,,036405146
"הפקולטה למדעי החיים ע""ש גורג ס וויז",036409800,יחידות אקדמיות,ראש מנהל הפקולטה,,036405146
"הפקולטה למדעי החיים ע""ש גורג ס וויז",036409802,יחידות אקדמיות,מזכירות סטודנטים,,036405976
"הפקולטה למדעי החיים ע""ש גורג ס וויז",036409830,יחידות אקדמיות,תקציבן מזכירות הפקולטה,,036405146
"הפקולטה למדעי החיים ע""ש גורג ס וויז",036409056,יחידות אקדמיות,גן מאיר סיגל למחקר זואולוגי,,036407202
"הפקולטה למדעי החיים ע""ש גורג ס וויז",036409399,יחידות אקדמיות,מוזיאון זואולוגי,,
"הפקולטה למדעי החיים ע""ש גורג ס וויז",036409910,יחידות אקדמיות,הגנים הבוטניים,,036409159
"הפקולטה למדעי החיים ע""ש גורג ס וויז",036409841,יחידות אקדמיות,המחלקה למדעי הצמח,,036409380
"הפקולטה למדעי החיים ע""ש גורג ס וויז",036409749,יחידות אקדמיות,המחלקה לביוכימיה,6414246,036406834
"הפקולטה למדעי החיים ע""ש גורג ס וויז",036409012,יחידות אקדמיות,המחלקה לזואולוגיה,,036409403
"הפקולטה למדעי החיים ע""ש גורג ס וויז",036409016,יחידות אקדמיות,המחלקה לחקר התא ואימונולוגיה,,6422046
"הפקולטה למדעי החיים ע""ש גורג ס וויז",,יחידות אקדמיות,מחלקה למיקרוביולוגיה מולקולרית,,
"הפקולטה למדעי החיים ע""ש גורג ס וויז",036409080,יחידות אקדמיות,ולביוטכנלוגיה,,036409407
"הפקולטה למדעי החיים ע""ש גורג ס וויז",036406372,יחידות אקדמיות,המחלקה לנוירוביולוגיה,,036407643
"הפקולטה למדעי החיים ע""ש גורג ס וויז",036409028,יחידות אקדמיות,המכון לחקר הדגנים,,036407857
"הפקולטה למדעי החיים ע""ש גורג ס וויז",,יחידות אקדמיות,,,
"הפקולטה למדעי החיים ע""ש גורג ס וויז",036406008,יחידות אקדמיות,"מנהל היחידה לצב""מ (ציוד בין מחלקתי)",,036406705
"הפקולטה למדעי החיים ע""ש גורג ס וויז",036406370,יחידות אקדמיות,"צב""מ - יחידת שרותי הרצף",,036406705
"הפקולטה למדעי החיים ע""ש גורג ס וויז",036406840,יחידות אקדמיות,יחידת הביואינפורמטיקה,,036405098
"הפקולטה למדעי החיים ע""ש גורג ס וויז",036409386,יחידות אקדמיות,יחידה לצילום,,036409403
"הפקולטה למדעי החיים ע""ש גורג ס וויז",036409115,יחידות אקדמיות,מעבדה להיברידומות,,
"הפקולטה למדעי החיים ע""ש גורג ס וויז",036407841,יחידות אקדמיות,מתאם מערכות מידע,,
"הפקולטה למדעי החיים ע""ש גורג ס וויז",,יחידות אקדמיות,,,
"הפקולטה למדעי החיים ע""ש גורג ס וויז",036406944,יחידות אקדמיות,היחידה למולטימדיה,,
"הפקולטה למדעי החיים ע""ש גורג ס וויז",,יחידות אקדמיות,המרכז לחקר הביולוגיה של הסרטן,,6422046
"הפקולטה למדעים מדויקים ע""ש ריימונד ובברלי סאקלר",036408268,יחידות אקדמיות,לשכת הדקאן,,036405728
"הפקולטה למדעים מדויקים ע""ש ריימונד ובברלי סאקלר",036408537,יחידות אקדמיות,ראש מנהל הפקולטה,,036405728
"הפקולטה למדעים מדויקים ע""ש ריימונד ובברלי סאקלר",036408182,יחידות אקדמיות,עוזר ראש מנהל הפקולטה לנושאי מנהל,,036409264
"הפקולטה למדעים מדויקים ע""ש ריימונד ובברלי סאקלר",036405245,יחידות אקדמיות,"מזכירות סטודנטים מתמטיקה , סטטיסטיקה וחקב""צ תואר ראשון",,036409264
"הפקולטה למדעים מדויקים ע""ש ריימונד ובברלי סאקלר",036408761,יחידות אקדמיות,מזכירות סטודנטים כימיה ומדע כללי,,036409264
"הפקולטה למדעים מדויקים ע""ש ריימונד ובברלי סאקלר",036406406,יחידות אקדמיות,מזכירות סטודנטים גיאופיזיקה ומדעים פלנטריים  ,,
"הפקולטה למדעים מדויקים ע""ש ריימונד ובברלי סאקלר",036405306,יחידות אקדמיות, מזכירות סטודנטים מדעי המחשב תואר ראשון,,036409264
"הפקולטה למדעים מדויקים ע""ש ריימונד ובברלי סאקלר",036409177,יחידות אקדמיות,"מזכירות סטוד' במדעי המחשב , במטמטיקה ,בסטט' וחקב""צ תואר שני",,
"הפקולטה למדעים מדויקים ע""ש ריימונד ובברלי סאקלר",036408619,יחידות אקדמיות,מזכירות סטודנטים פיזיקה,,036409264
"הפקולטה למדעים מדויקים ע""ש ריימונד ובברלי סאקלר",036408338,יחידות אקדמיות,מזכירות בחינות,,036406274
"הפקולטה למדעים מדויקים ע""ש ריימונד ובברלי סאקלר",036408044,יחידות אקדמיות,"ביה""ס למדעי המתמטיקה",,036409357
"הפקולטה למדעים מדויקים ע""ש ריימונד ובברלי סאקלר",036408043,יחידות אקדמיות,החוג למתמטיקה עיונית ולמתמטיקה שימושית,,036409357
"הפקולטה למדעים מדויקים ע""ש ריימונד ובברלי סאקלר",036408046,יחידות אקדמיות,החוג לסטטיסטיקה וחקר ביצועים,,036409357
"הפקולטה למדעים מדויקים ע""ש ריימונד ובברלי סאקלר",036409370,יחידות אקדמיות,"מזכירות שיבוץ והוראה- ביה""ס למדעי המתמטיקה",,036407889
"הפקולטה למדעים מדויקים ע""ש ריימונד ובברלי סאקלר",036409253,יחידות אקדמיות,"מזכירות תלמידי מחקר- ביה""ס למדעי המתמטיקה",,036407890
"הפקולטה למדעים מדויקים ע""ש ריימונד ובברלי סאקלר",036409274,יחידות אקדמיות,"ביה""ס לפיסיקה ואסטרונומיה",,6429306
"הפקולטה למדעים מדויקים ע""ש ריימונד ובברלי סאקלר",036407414,יחידות אקדמיות,החוג לאסטרופיזיקה ולאסטרונומיה,,
"הפקולטה למדעים מדויקים ע""ש ריימונד ובברלי סאקלר",036407239,יחידות אקדמיות,החוג לפיזיקה  של חומר מעובה,,6422979
"הפקולטה למדעים מדויקים ע""ש ריימונד ובברלי סאקלר",036408192,יחידות אקדמיות,החוג לפיזיקה גרעינית,,036406369
"הפקולטה למדעים מדויקים ע""ש ריימונד ובברלי סאקלר",036408587,יחידות אקדמיות,החוג לפיזיקה של אנרגיות גבוהות וחלקיקים,,036407932
"הפקולטה למדעים מדויקים ע""ש ריימונד ובברלי סאקלר",036408301,יחידות אקדמיות,מרכז אברמסון לפיזיקה רפואית,,
"הפקולטה למדעים מדויקים ע""ש ריימונד ובברלי סאקלר",7239/8636,יחידות אקדמיות,"מכון לפיזיקה של מצב מוצק ע""ש ריימונד  בבלי  סאקלר",,6422979
"הפקולטה למדעים מדויקים ע""ש ריימונד ובברלי סאקלר",036408580,יחידות אקדמיות,"מכון לאסטרונומיה ע""ש ריימונד ובברלי סאקלר",,
"הפקולטה למדעים מדויקים ע""ש ריימונד ובברלי סאקלר",036409579,יחידות אקדמיות,"המכון ללימודים מתקדמים ע""ש מורטימר וריימונד סאקלר",,6424264
"הפקולטה למדעים מדויקים ע""ש ריימונד ובברלי סאקלר",036408729,יחידות אקדמיות,"מצפה הכוכבים ע""ש וייז ",-658813308,-658830308
"הפקולטה למדעים מדויקים ע""ש ריימונד ובברלי סאקלר",036409279,יחידות אקדמיות,"מצפה הכוכבים ע""ש פלורנס וג'ורג'ס  וייז",,036408179
"הפקולטה למדעים מדויקים ע""ש ריימונד ובברלי סאקלר",036408040,יחידות אקדמיות,"ביה""ס למדעי המחשב -   משרד ראש ביה""ס ומזכירות ",,036409373
"הפקולטה למדעים מדויקים ע""ש ריימונד ובברלי סאקלר",036406353,יחידות אקדמיות,רכזת מנהלית,,036409373
"הפקולטה למדעים מדויקים ע""ש ריימונד ובברלי סאקלר",036407148,יחידות אקדמיות,מזכירות ועדת מינויים יחידתית,,036405982
"הפקולטה למדעים מדויקים ע""ש ריימונד ובברלי סאקלר",036407148,יחידות אקדמיות,מזכירות דוקטורנטים,,036405982
"הפקולטה למדעים מדויקים ע""ש ריימונד ובברלי סאקלר",036408041,יחידות אקדמיות,רכזת הוראה,,036408388
"הפקולטה למדעים מדויקים ע""ש ריימונד ובברלי סאקלר",036409616,יחידות אקדמיות,רכזת משק,,6417154
"הפקולטה למדעים מדויקים ע""ש ריימונד ובברלי סאקלר",036408751,יחידות אקדמיות,"ביה""ס לכימיה",,036409293
"הפקולטה למדעים מדויקים ע""ש ריימונד ובברלי סאקלר",036408761,יחידות אקדמיות,מזכירות תואר ראשון ושני (כימיה),,
"הפקולטה למדעים מדויקים ע""ש ריימונד ובברלי סאקלר",036407744,יחידות אקדמיות,מזכירות תלמידי מחקר ומלגות (כימיה),,
"הפקולטה למדעים מדויקים ע""ש ריימונד ובברלי סאקלר",036407605,יחידות אקדמיות,"מזכירות כ""א ומינויים (כימיה)",,
"הפקולטה למדעים מדויקים ע""ש ריימונד ובברלי סאקלר",036409290,יחידות אקדמיות,מזכירות משק ותקציבים (כימיה),,
"הפקולטה למדעים מדויקים ע""ש ריימונד ובברלי סאקלר",036408328,יחידות אקדמיות,בית מלאכה לאלקטרוניקה (כימיה),,
"הפקולטה למדעים מדויקים ע""ש ריימונד ובברלי סאקלר",036408719,יחידות אקדמיות,בית מלאכה מכני (כימיה),,
"הפקולטה למדעים מדויקים ע""ש ריימונד ובברלי סאקלר",036408252,יחידות אקדמיות,בית מלאכה לניפוח זכוכית(כימיה),,
"הפקולטה למדעים מדויקים ע""ש ריימונד ובברלי סאקלר",036408633,יחידות אקדמיות,החוג לגיאופיזיקה ומדעים פלנטריים,,036409282
"הפקולטה למדעים מדויקים ע""ש ריימונד ובברלי סאקלר",036409972,יחידות אקדמיות,מרכז מינרבה לחקר ים המלח,,036409282
"הפקולטה למדעים מדויקים ע""ש ריימונד ובברלי סאקלר",036408205,יחידות אקדמיות,"מרכז מינרבה למוליכות על בטמפרטורות גבוהות ע""ש היינריך  הרץ",,6422979
"הפקולטה למדעים מדויקים ע""ש ריימונד ובברלי סאקלר",036409402,יחידות אקדמיות,מרכז גורדון ללימודי אנרגיה גורדון,,6422649
"הפקולטה למדעים מדויקים ע""ש ריימונד ובברלי סאקלר",036407816,יחידות אקדמיות,מרכז וולפסון למחקר שימושי בחומרים,,6422649
"הפקולטה למדעים מדויקים ע""ש ריימונד ובברלי סאקלר",036405618,יחידות אקדמיות,פרוייקט ננו-מדע וננו- טכנולוגיה,,036405612
"הפקולטה למדעים מדויקים ע""ש ריימונד ובברלי סאקלר",,יחידות אקדמיות,מזכירות  כללית לנסיון ,,
"ביה""ס לרפואת שיניים ע""ש מוריס וגבריאלה גולדשלגר",036409112,יחידות אקדמיות,"ראש ביה""ס לרפואת שיניים",,036409250
"ביה""ס לרפואת שיניים ע""ש מוריס וגבריאלה גולדשלגר",036409112,יחידות אקדמיות,"ראש מנהל ומזכירות ביה""ס",,036409250
"ביה""ס לרפואת שיניים ע""ש מוריס וגבריאלה גולדשלגר",036409675,יחידות אקדמיות,מזכירות סטודנטים,,036409250
"ביה""ס לרפואת שיניים ע""ש מוריס וגבריאלה גולדשלגר",036409429,יחידות אקדמיות,מזכירות כח אדם,,036409250
"ביה""ס לרפואת שיניים ע""ש מוריס וגבריאלה גולדשלגר",036409551,יחידות אקדמיות,מרפאת שיניים- משרד קבלה,,036409250
"ביה""ס לרפואת שיניים ע""ש מוריס וגבריאלה גולדשלגר",036409857,יחידות אקדמיות,"מרפאת שיניים - אבחנה , עזרה ראשונה",,036409250
"ביה""ס לרפואת שיניים ע""ש מוריס וגבריאלה גולדשלגר",036409304,יחידות אקדמיות,רנטגן,,
"ביה""ס לרפואת שיניים ע""ש מוריס וגבריאלה גולדשלגר",036409254,יחידות אקדמיות,מרפאת שיניים - ילדים,,036409250
"ביה""ס לרפואת שיניים ע""ש מוריס וגבריאלה גולדשלגר",036407310,יחידות אקדמיות,יישור שיניים - אורתודונטיה,,036409250
"ביה""ס לרפואת שיניים ע""ש מוריס וגבריאלה גולדשלגר",036409186,יחידות אקדמיות,שיקום פרותטי,,036409250
"ביה""ס לרפואת שיניים ע""ש מוריס וגבריאלה גולדשלגר",036409254,יחידות אקדמיות,אנדודונטיה,,036409250
"ביה""ס לרפואת שיניים ע""ש מוריס וגבריאלה גולדשלגר",036409436,יחידות אקדמיות,פריודונטיה,,036409250
"ביה""ס לרפואת שיניים ע""ש מוריס וגבריאלה גולדשלגר",036409252,יחידות אקדמיות,אקולוזיה ומדעי ההתנהגות,,036409250
"ביה""ס לרפואת שיניים ע""ש מוריס וגבריאלה גולדשלגר",036409015,יחידות אקדמיות,מרפאות סטודנטים,,036409250
"ביה""ס לרפואת שיניים ע""ש מוריס וגבריאלה גולדשלגר",036407908,יחידות אקדמיות,קורס שינניות,,036409250
"ביה""ס למקצועות הבריאות ע""ש סטנלי  שטייר",036409659,יחידות אקדמיות,מזכירות תלמידים תואר ראשון,,
"ביה""ס למקצועות הבריאות ע""ש סטנלי  שטייר",036409333,יחידות אקדמיות,"מזכירות ביה""ס למקצועות הבריאות",,036406512
"ביה""ס למקצועות הבריאות ע""ש סטנלי  שטייר",036409660,יחידות אקדמיות,החוג לסיעוד,,036409496
"ביה""ס למקצועות הבריאות ע""ש סטנלי  שטייר",036409497,יחידות אקדמיות,מזכירות תלמידים תואר שני,,
"ביה""ס למקצועות הבריאות ע""ש סטנלי  שטייר",036409337,יחידות אקדמיות,מזכירות תלמידים התכנית הכללית,,
"ביה""ס למקצועות הבריאות ע""ש סטנלי  שטייר",036409019,יחידות אקדמיות,החוג לפיזיותרפיה,,036409223
"ביה""ס למקצועות הבריאות ע""ש סטנלי  שטייר",036409104,יחידות אקדמיות,החוג לריפוי בעיסוק,,036409933
"ביה""ס למקצועות הבריאות ע""ש סטנלי  שטייר",036409217,יחידות אקדמיות,החוג להפרעות בתקשורת,5349817,5352868
"הפקולטה לרפואה ע""ש סאקלר",036409657,יחידות אקדמיות,לשכת הדקאן,6410456,036409103
"הפקולטה לרפואה ע""ש סאקלר",036409858,יחידות אקדמיות,סגן דקאן לחינוך רפואי,,036406916
"הפקולטה לרפואה ע""ש סאקלר",036407030,יחידות אקדמיות,סגן דקאן לעניינים קדם קליניים,,036409360
"הפקולטה לרפואה ע""ש סאקלר",036409658,יחידות אקדמיות,סגן דקאן לעניינים קליניים,,036409103
"הפקולטה לרפואה ע""ש סאקלר",036409658,יחידות אקדמיות,"סגן דקאן לתכנון , מחקר ופיתוח",,036409103
"הפקולטה לרפואה ע""ש סאקלר",036409027,יחידות אקדמיות,סגן דקאן למינויים,,036409234
"הפקולטה לרפואה ע""ש סאקלר",036409661,יחידות אקדמיות,"סגן דקאן , ראש ביה""ס לרפואה",,036407824
"הפקולטה לרפואה ע""ש סאקלר",036409795,יחידות אקדמיות,"סגן דקאן , ראש ביה""ס ללימודי המשך ברפואה",,036409043
"הפקולטה לרפואה ע""ש סאקלר",036406893,יחידות אקדמיות,ראש המדרשה לתארים מתקדמים,,036408581
"הפקולטה לרפואה ע""ש סאקלר",036409071,יחידות אקדמיות,ראש תכנית הלימודים ניו יורק/אמריקה,6426091,036407191
"הפקולטה לרפואה ע""ש סאקלר",036409658,יחידות אקדמיות,משנה מנהלי לדקאן,,036409103
"הפקולטה לרפואה ע""ש סאקלר",036406053,יחידות אקדמיות,עוזרת המשנה המנהלי לדקאן לענייני תלמידים והוראה,,036407824
"הפקולטה לרפואה ע""ש סאקלר",036409661,יחידות אקדמיות,מזכירות סטודנטים לרפואה - לימודים קדם קליניים,,036407824
"הפקולטה לרפואה ע""ש סאקלר",036407726,יחידות אקדמיות,מזכירות סטודנטים לרפואה - לימודים קליניים,,036407824
"הפקולטה לרפואה ע""ש סאקלר",036409960,יחידות אקדמיות,מזכירות  עבודות גמר – לימודים קליניים,,
"הפקולטה לרפואה ע""ש סאקלר",036409097,יחידות אקדמיות,מזכירות התכנית המשולבת במדעי החיים והרפואה,,036407824
"הפקולטה לרפואה ע""ש סאקלר",036409244,יחידות אקדמיות,"מזכירות המדרשה לתארים מתקדמים ע""ש ד""ר מרים ושלדון ג' אדלסון",,036407825
"הפקולטה לרפואה ע""ש סאקלר",036409055,יחידות אקדמיות,עוזרת המשנה המנהלי לדקאן לענייני כח אדם ומורים,,036407351
"הפקולטה לרפואה ע""ש סאקלר",036409796,יחידות אקדמיות,מזכירות מורים,,036407673
"הפקולטה לרפואה ע""ש סאקלר",036409027,יחידות אקדמיות,מזכירות ועדת מינויים למקצועות הקליניים,,036409234
"הפקולטה לרפואה ע""ש סאקלר",036407603,יחידות אקדמיות,מזכירות כח-אדם ,,036407351
"הפקולטה לרפואה ע""ש סאקלר",036409884,יחידות אקדמיות,עוזר המשנה המנהלי לדקאן לענייני לוגיסטיקה,,036405289
"הפקולטה לרפואה ע""ש סאקלר",036409300,יחידות אקדמיות,יחידת התקציבים ,,036409232
"הפקולטה לרפואה ע""ש סאקלר",036409860,יחידות אקדמיות,החוג לביולוגיה תאית והתפתחותית,,036407432
"הפקולטה לרפואה ע""ש סאקלר",036409069,יחידות אקדמיות,החוג למיקרוביולוגיה הומנית,,036409160
"הפקולטה לרפואה ע""ש סאקלר",036409975,יחידות אקדמיות,החוג לפיזיולוגיה ופרמקולוגיה,,036409113
"הפקולטה לרפואה ע""ש סאקלר",036409861,יחידות אקדמיות,החוג לפתולוגיה,,036409141
"הפקולטה לרפואה ע""ש סאקלר",036409865,יחידות אקדמיות,החוג לגנטיקה מולקולרית של האדם ולביוכימיה,,036405168
"הפקולטה לרפואה ע""ש סאקלר",036409866,יחידות אקדמיות,החוג לאנטומיה ואנתרופולוגיה,,036408287
"הפקולטה לרפואה ע""ש סאקלר",036408572,יחידות אקדמיות,החוג לאפידמיולוגיה ורפואה מונעת,,036409868
"הפקולטה לרפואה ע""ש סאקלר",036409858,יחידות אקדמיות,החוג לחינוך רפואי,,036406916
"הפקולטה לרפואה ע""ש סאקלר",036406996,יחידות אקדמיות,החוג לרפואה פנימית,,036408679
"הפקולטה לרפואה ע""ש סאקלר",036405963,יחידות אקדמיות,החוג לפדיאטריה,,036405964
"הפקולטה לרפואה ע""ש סאקלר",036405417,יחידות אקדמיות,החוג לגיניקולוגיה ומילדות,,036405354
"הפקולטה לרפואה ע""ש סאקלר",036405126,יחידות אקדמיות,החוג לכירורגיה,,036405354
"הפקולטה לרפואה ע""ש סאקלר",036405417,יחידות אקדמיות,החוג לפסיכאטריה,,036405354
"הפקולטה לרפואה ע""ש סאקלר",036409856,יחידות אקדמיות,החוג לנוירולוגיה,,036408679
"הפקולטה לרפואה ע""ש סאקלר",036405126,יחידות אקדמיות,החוג לאוטורינולארינגולוגיה וכירורגית ראש וצוואר (א.א.ג,,036405354
"הפקולטה לרפואה ע""ש סאקלר",036405417,יחידות אקדמיות,החוג לאונקולוגיה ,9779432-08,9779434-08
"הפקולטה לרפואה ע""ש סאקלר",036405126,יחידות אקדמיות,החוג לאורתופדיה וטואומטולוגיה,,036405354
"הפקולטה לרפואה ע""ש סאקלר",036409856,יחידות אקדמיות,החוג לדימות,,036408679
"הפקולטה לרפואה ע""ש סאקלר",036409856,יחידות אקדמיות,החוג לדרמטולוגיה,,036408679
"הפקולטה לרפואה ע""ש סאקלר",036405417,יחידות אקדמיות,החוג להמטולוגיה,,036405354
"הפקולטה לרפואה ע""ש סאקלר",036405126,יחידות אקדמיות,החוג להרדמה וטיפול נמרץ,,036405354
"הפקולטה לרפואה ע""ש סאקלר",036406996,יחידות אקדמיות,החוג לקרדיולוגיה,,036408679
"הפקולטה לרפואה ע""ש סאקלר",036406996,יחידות אקדמיות,החוג לרפואה פנימית,,036408679
"הפקולטה לרפואה ע""ש סאקלר",036405417,יחידות אקדמיות,החוג לרפואה שיקומית,,036405354
"הפקולטה לרפואה ע""ש סאקלר",036407779,יחידות אקדמיות,"החוג לרפואת המשפחה ,שיבא",5342816,5346066
"הפקולטה לרפואה ע""ש סאקלר",036405126,יחידות אקדמיות,החוג לרפואת עיניים,,036405354
"הפקולטה לרפואה ע""ש סאקלר",036409088,יחידות אקדמיות,מרכזת תכנית ניו יורק/אמריקה,6426091,036407197
"הפקולטה לרפואה ע""ש סאקלר",036409795,יחידות אקדמיות,מזכירות בית הספר ללימודי המשך ברפואה,,036409043
"הפקולטה לרפואה ע""ש סאקלר",036409112,יחידות אקדמיות,"מזכירות בית הספר לרפואת שיניים ע""ש מוריס וגבריאלה גולדשלאגר",,036409250
"הפקולטה לרפואה ע""ש סאקלר",036405457,יחידות אקדמיות,מזכירות בית הספר למקצועות הבריאות,,036406512
"הפקולטה לרפואה ע""ש סאקלר",036405717,יחידות אקדמיות,מזכירות בית הספר לבריאות הציבור,,036407465
"הפקולטה לרפואה ע""ש סאקלר",036409855,יחידות אקדמיות,היחידה לקידום ובקרת הוראה,,036408786
"הפקולטה לרפואה ע""ש סאקלר",036409902,יחידות אקדמיות,התכנית לפסיכותרפיה,,036406387
"הפקולטה לרפואה ע""ש סאקלר",036409919,יחידות אקדמיות,"מגדל למחקר רפואי ע""ש דוד גלסברג - בית חיות",,036407567
"הפקולטה לרפואה ע""ש סאקלר",036409334,יחידות אקדמיות,היחידה לציוד בין מחלקתי,,036406050
"הפקולטה לרפואה ע""ש סאקלר",036409065,יחידות אקדמיות,יחידת המשק ,,036409240
"הפקולטה לרפואה ע""ש סאקלר",036407431,יחידות אקדמיות,עורכת פרסומים ושיבוץ חדרים,,036407824
"הפקולטה לרפואה ע""ש סאקלר",036406416,יחידות אקדמיות,מערכות מידע רפואה,,036406941
"הפקולטה לרפואה ע""ש סאקלר",036409336,יחידות אקדמיות,מתאמת מערכות מידע - קליניים,,036406041
"הפקולטה לרפואה ע""ש סאקלר",036406027,יחידות אקדמיות,כתות מחשבים,,
"הפקולטה לרפואה ע""ש סאקלר",036409854,יחידות אקדמיות,מעבדת צילום,,036407191
"הפקולטה לרפואה ע""ש סאקלר",036407321,יחידות אקדמיות,"אגודת הסטודנטים לרפואה ותכנית האלקטיב לסטודנטים מחו""ל",6423428,036407321
"ביה""ס  ללימודי  הסביבה  ע""ש פורטר",036409809,יחידות אקדמיות,"מרכז-על לאקולוגיה ולחקר הסביבה ע""ש פורטר",,036407682
"ביה""ס  ללימודי  הסביבה  ע""ש פורטר",036405720,יחידות אקדמיות,"ביה""ס  ללימודי  הסביבה  ע""ש פורטר",,036405723
תכניות מיוחדות,036408911,יחידות אקדמיות,מזכירות החטיבה לתוכניות מיוחדות,,
תכניות מיוחדות,036408639,יחידות אקדמיות,"ביה""ס לסטודנטים מחוץ לארץ",6429585,036409582
תכניות מיוחדות,036408947,יחידות אקדמיות,היחידה ללימודי עברית,,
תכניות מיוחדות,036408947,יחידות אקדמיות,המכינה האוניברסיטאית,,036407426
תכניות מיוחדות,036409588,יחידות אקדמיות,מנהל המכינה,,036409783
תכניות מיוחדות,036409380,יחידות אקדמיות,המכינה לישראלים,,036409783
תכניות מיוחדות,036408052,יחידות אקדמיות,המכינה לעולים,,036409783
"הפקולטה למדעי החברה ע""ש גרשון גורדון",036409733,יחידות אקדמיות,לשכת הדקאן,6417298,036409518
"הפקולטה למדעי החברה ע""ש גרשון גורדון",036409735,יחידות אקדמיות,ראש מנהל הפקולטה,6418178,036409518
"הפקולטה למדעי החברה ע""ש גרשון גורדון",036409607,יחידות אקדמיות,ע. ראש מנהל הפקולטה לנושאי מנהל,,036409518
"הפקולטה למדעי החברה ע""ש גרשון גורדון",036409730,יחידות אקדמיות,ע. ראש מנהל הפקולטה לנושאי תלמידים,,036409518
"הפקולטה למדעי החברה ע""ש גרשון גורדון",036409539,יחידות אקדמיות,"ביה""ס לכלכלה ע""ש איתן ברגלס",,036409908
"הפקולטה למדעי החברה ע""ש גרשון גורדון",036409737,יחידות אקדמיות,החוג ללימודי עבודה,,036407300
"הפקולטה למדעי החברה ע""ש גרשון גורדון",036409574,יחידות אקדמיות,החוג למדע המדינה,,036409515
"הפקולטה למדעי החברה ע""ש גרשון גורדון",036409734,יחידות אקדמיות,החוג לסוציולוגיה ואנתרופולוגיה,,036409215
"הפקולטה למדעי החברה ע""ש גרשון גורדון",036409693,יחידות אקדמיות,החוג לפסיכולוגיה,,036409547
"הפקולטה למדעי החברה ע""ש גרשון גורדון",036407827,יחידות אקדמיות,החוג לתקשורת,,036406032
"הפקולטה למדעי החברה ע""ש גרשון גורדון",036409705,יחידות אקדמיות,החוג למדיניות ציבורית,,036407382
"הפקולטה למדעי החברה ע""ש גרשון גורדון",036406185,יחידות אקדמיות,התכנית בלימודי דיפלומטיה,,036409515
"הפקולטה למדעי החברה ע""ש גרשון גורדון",036406185,יחידות אקדמיות,התכנית ללימודי ביטחון,,036409515
"הפקולטה למדעי החברה ע""ש גרשון גורדון",036406817,יחידות אקדמיות,"ביה""ס לממשל ולמדיניות ע""ש הרולד הרטוך",,036406307
"הפקולטה למדעי החברה ע""ש גרשון גורדון",036405995,יחידות אקדמיות,"התכנית ליישוב סכסוכים וגישור ע""ש אוונס",,036407223
"הפקולטה למדעי החברה ע""ש גרשון גורדון",036405995,יחידות אקדמיות,המרכז האוניברסיטאי לגישור ,,036407223
"הפקולטה למדעי החברה ע""ש גרשון גורדון",036406759,יחידות אקדמיות,התכנית הבילנאומית ליישוב סכסוכים,,036407223
"הפקולטה למדעי החברה ע""ש גרשון גורדון",036405889,יחידות אקדמיות,התכנית למדיניות ציבורית למנהלים,,036405890
"הפקולטה למדעי החברה ע""ש גרשון גורדון",036409268,יחידות אקדמיות,התכנית לדיפלומטיה וביטחון לבכירים,,036409515
"הפקולטה למדעי החברה ע""ש גרשון גורדון",036409542,יחידות אקדמיות,התכנית למנהיגות ציבורית ופוליטית לבכירים,,036409515
"הפקולטה למדעי החברה ע""ש גרשון גורדון",036407170,יחידות אקדמיות,התכנית לתקשורת פוליטית למנהלים,,036409515
"הפקולטה למדעי החברה ע""ש גרשון גורדון",036409378,יחידות אקדמיות,התכנית למנהלי משאבי אנוש,,036406865
"הפקולטה למדעי החברה ע""ש גרשון גורדון",036409606,יחידות אקדמיות,מזכירות בחינות,,036407929
"הפקולטה למדעי החברה ע""ש גרשון גורדון",036407593,יחידות אקדמיות,מזכירת ועדת המינויים היחידתית,,036409518
"הפקולטה למדעי החברה ע""ש גרשון גורדון",036409529,יחידות אקדמיות,מזכירות כח אדם,,036409518
"הפקולטה למדעי החברה ע""ש גרשון גורדון",036409521,יחידות אקדמיות,מזכירות סטודנטים,,036406950
"הפקולטה למדעי החברה ע""ש גרשון גורדון",036407548,יחידות אקדמיות,מזכירת ועדת ההוראה,,036409650
"הפקולטה למדעי החברה ע""ש גרשון גורדון",036405324,יחידות אקדמיות,מזכירת תלמידי מחקר,,036409518
"הפקולטה למדעי החברה ע""ש גרשון גורדון",036409605,יחידות אקדמיות,מזכירות מנהל ומשק,,036409518
"הפקולטה למדעי החברה ע""ש גרשון גורדון",036407774,יחידות אקדמיות,עורכת ידיעון ותאום חדרים,,036406522
"הפקולטה למדעי החברה ע""ש גרשון גורדון",036409735,יחידות אקדמיות,מרכז הדפסות,,036409518
"הפקולטה למדעי החברה ע""ש גרשון גורדון",036407558,יחידות אקדמיות,חדר צילום ושיכפול,,036409518
"הפקולטה למדעי החברה ע""ש גרשון גורדון",036409349,יחידות אקדמיות,מתאמת מערכות מידע,,036409518
"הפקולטה למדעי החברה ע""ש גרשון גורדון",036407774,יחידות אקדמיות,"המכון לחקר החברה והכלכלה ע""ש דוד הורוביץ",,036406950
"הפקולטה למדעי החברה ע""ש גרשון גורדון",036409549,יחידות אקדמיות,המכון למחקר חברתי,,036409215
"הפקולטה למדעי החברה ע""ש גרשון גורדון",036408963,יחידות אקדמיות,מכון ב. י.  ולוסיל כהן לחקר דעת קהל,,036409215
"הפקולטה למדעי החברה ע""ש גרשון גורדון",036409544,יחידות אקדמיות,מכון הרצג לחקר הזיקנה,,036407339
"הפקולטה למדעי החברה ע""ש גרשון גורדון",036409255,יחידות אקדמיות,"מכון ע""ש  סאקלר ללימודי כלכלה",,036409908
"הפקולטה למדעי החברה ע""ש גרשון גורדון",036409255,יחידות אקדמיות,"מכון ע""ש ד""ר ישעיהו פורדר למחקר כלכלי",,036409908
"הפקולטה למדעי החברה ע""ש גרשון גורדון",036406560,יחידות אקדמיות,מכון אוניברסיטאי לדיפלומטיה ושיתוף פעולה אזורי,,036406558
"הפקולטה למדעי החברה ע""ש גרשון גורדון",036409712,יחידות אקדמיות,"מרכז לפיתוח ע""ש פנחס ספיר",6419924,6428074
"הפקולטה למדעי החברה ע""ש גרשון גורדון",036407193,יחידות אקדמיות,"סדנת ת""א למדע , טכנולוגיה וביטחון",,036407198
"הפקולטה למדעי החברה ע""ש גרשון גורדון",036406762,יחידות אקדמיות,מרכז תמי שטיינמץ למחקרי שלום,6424298,036407489
"הפקולטה למדעי החברה ע""ש גרשון גורדון",036406519,יחידות אקדמיות,"מכון חיים הרצוג לחקר תקשורת , פוליטיקה וחברה",,036406545
"הפקולטה למדעי החברה ע""ש גרשון גורדון",036409498,יחידות אקדמיות,"ביה""ס לעיתונאות כותרת",,036406545
"בית הספר לעבודה סוציאלית ע""ש בוב שאפל",036409573,יחידות אקדמיות,לשכת ראש בית הספר,,036409182
"בית הספר לעבודה סוציאלית ע""ש בוב שאפל",036409130,יחידות אקדמיות,רכזת מינהלית,,036409182
"בית הספר לעבודה סוציאלית ע""ש בוב שאפל",036409130,יחידות אקדמיות,מזכירות מינהלת בית הספר,,036409182
"בית הספר לעבודה סוציאלית ע""ש בוב שאפל",036406928,יחידות אקדמיות,"מזכירות מורים וכ""א",,036409182
"בית הספר לעבודה סוציאלית ע""ש בוב שאפל",036409410,יחידות אקדמיות,מזכירות תלמידים,,036406882
"בית הספר לעבודה סוציאלית ע""ש בוב שאפל",036409554,יחידות אקדמיות,מזכירות תארים מתקדמים,,036406882
"בית הספר לעבודה סוציאלית ע""ש בוב שאפל",036409192,יחידות אקדמיות,מזכירות קבלה,,036406882
"בית הספר לעבודה סוציאלית ע""ש בוב שאפל",036406927,יחידות אקדמיות,תקציבנית,,036409182
"בית הספר לעבודה סוציאלית ע""ש בוב שאפל",036407323,יחידות אקדמיות,מתאמת מערכות מידע,,036409182
"בית הספר לעבודה סוציאלית ע""ש בוב שאפל",036409127,יחידות אקדמיות,היחידה להוראת השדה,,036409182
"בית הספר לעבודה סוציאלית ע""ש בוב שאפל",036409355,יחידות אקדמיות,היחידה ללימודי המשך והשתלמויות,036409135,036406902
"בית הספר לעבודה סוציאלית ע""ש בוב שאפל",036408255,יחידות אקדמיות,המעבדה הלימודית,,036409182
"בית הספר לעבודה סוציאלית ע""ש בוב שאפל",036409183,יחידות אקדמיות,חדר עיון בית הספר,,036409182
"בית הספר לעבודה סוציאלית ע""ש בוב שאפל",036409550,יחידות אקדמיות,מרכז אדלר לחקר רווחת הילד ושלומו,,036409182
"בית הספר לעבודה סוציאלית ע""ש בוב שאפל",,יחידות אקדמיות,מרכז בינתחומי לחקר  מדיניות וטיפול בילדים ובנוער,,
"בית הספר לעבודה סוציאלית ע""ש בוב שאפל",036409129,יחידות אקדמיות,מנהל הבית,,036409182
"הפקולטה לניהול - בי""ס למוסמכים במנהל עסקים ע""ש ליאון רקנאטי",036408720,יחידות אקדמיות,לשכת דקאן,6415282,036409983
"הפקולטה לניהול - בי""ס למוסמכים במנהל עסקים ע""ש ליאון רקנאטי",036406012,יחידות אקדמיות,ראש מנהל הפקולטה,,036407144
"הפקולטה לניהול - בי""ס למוסמכים במנהל עסקים ע""ש ליאון רקנאטי",036409569,יחידות אקדמיות,עוזרת ראש מנהל הפקולטה לעניני תלמידים,,036409566
"הפקולטה לניהול - בי""ס למוסמכים במנהל עסקים ע""ש ליאון רקנאטי",036408975,יחידות אקדמיות,עוזר ראש מנהל הפקולטה לעניני מנהל וכספים,,036409566
"הפקולטה לניהול - בי""ס למוסמכים במנהל עסקים ע""ש ליאון רקנאטי",036408744,יחידות אקדמיות,החוג לחשבונאות -תואר ראשון,,036407738
"הפקולטה לניהול - בי""ס למוסמכים במנהל עסקים ע""ש ליאון רקנאטי",036406338,יחידות אקדמיות,החוג לניהול - תואר ראשון,,036407851
"הפקולטה לניהול - בי""ס למוסמכים במנהל עסקים ע""ש ליאון רקנאטי",036408521,יחידות אקדמיות,"מזכירות סטודנטים מב""ע",,036407852
"הפקולטה לניהול - בי""ס למוסמכים במנהל עסקים ע""ש ליאון רקנאטי",036409564,יחידות אקדמיות,"מזכירות סטודנטים מלמ""ן ותואר שלישי",,036407852
"הפקולטה לניהול - בי""ס למוסמכים במנהל עסקים ע""ש ליאון רקנאטי",036406333,יחידות אקדמיות,מזכירות קבלה ופטורים,,036408518
"הפקולטה לניהול - בי""ס למוסמכים במנהל עסקים ע""ש ליאון רקנאטי",036408496,יחידות אקדמיות,צוות אב הבית,,036407773
"הפקולטה לניהול - בי""ס למוסמכים במנהל עסקים ע""ש ליאון רקנאטי",036407557,יחידות אקדמיות,מזכירת משק,,036409560
"הפקולטה לניהול - בי""ס למוסמכים במנהל עסקים ע""ש ליאון רקנאטי",036407388,יחידות אקדמיות,מעבדת מחשבים,,036406026
"הפקולטה לניהול - בי""ס למוסמכים במנהל עסקים ע""ש ליאון רקנאטי",036406331,יחידות אקדמיות,אחראית אינטרנט,,036406026
"הפקולטה לניהול - בי""ס למוסמכים במנהל עסקים ע""ש ליאון רקנאטי",036408072,יחידות אקדמיות,מרכז שכפול,,
"הפקולטה לניהול - בי""ס למוסמכים במנהל עסקים ע""ש ליאון רקנאטי",036408962,יחידות אקדמיות,עריכת ידיעון ותאום חדרים והוראה,,036409560
"הפקולטה לניהול - בי""ס למוסמכים במנהל עסקים ע""ש ליאון רקנאטי",036407448,יחידות אקדמיות,מנהלת קשרים בינלאומיים ופיתוח,,036406328
"הפקולטה לניהול - בי""ס למוסמכים במנהל עסקים ע""ש ליאון רקנאטי",036409568,יחידות אקדמיות,מזכירת מורים וועדת מינויים,,036409983
"הפקולטה לניהול - בי""ס למוסמכים במנהל עסקים ע""ש ליאון רקנאטי",036408493,יחידות אקדמיות,ארגון בוגרי הפקולטה,,036406328
"הפקולטה לניהול - בי""ס למוסמכים במנהל עסקים ע""ש ליאון רקנאטי",036408513,יחידות אקדמיות,תכנית התנהגות ארגונית  ותכנית אסטרטגיה ויזמות,,036407739
"הפקולטה לניהול - בי""ס למוסמכים במנהל עסקים ע""ש ליאון רקנאטי",036408707,יחידות אקדמיות,תכנית ניהול טכנולוגיה ומערכות מידע,,036407741
"הפקולטה לניהול - בי""ס למוסמכים במנהל עסקים ע""ש ליאון רקנאטי",036407216,יחידות אקדמיות,GLOBAL BUSINESS STUDIES ׂ( G.B.Sׁ),,6417059
"הפקולטה לניהול - בי""ס למוסמכים במנהל עסקים ע""ש ליאון רקנאטי",036406313,יחידות אקדמיות,"תכנית מב""ע למנהלים",,036407803
"הפקולטה לניהול - בי""ס למוסמכים במנהל עסקים ע""ש ליאון רקנאטי",036406312,יחידות אקדמיות,תכנית קלוג-רקנאטי,,036407803
"הפקולטה לניהול - בי""ס למוסמכים במנהל עסקים ע""ש ליאון רקנאטי",036408863,יחידות אקדמיות,"תכנית מב""ע עם התמחות בניהול פיננסי",,036409571
"הפקולטה לניהול - בי""ס למוסמכים במנהל עסקים ע""ש ליאון רקנאטי",036406293,יחידות אקדמיות,"תכנית מב""ע למהנדסים",,036407852
"הפקולטה לניהול - בי""ס למוסמכים במנהל עסקים ע""ש ליאון רקנאטי",036408069,יחידות אקדמיות,התכנית לחילופי סטודנטים,,036407852
"הפקולטה לניהול - בי""ס למוסמכים במנהל עסקים ע""ש ליאון רקנאטי",036408862,יחידות אקדמיות,"המרכז לניהול מערכות בריאות ע""ש קובנס",,036407741
"הפקולטה לניהול - בי""ס למוסמכים במנהל עסקים ע""ש ליאון רקנאטי",036408264,יחידות אקדמיות,"המכון  למחקר עסקים בישראל  ע""ש  הנרי קראון",,6425330
"הפקולטה לניהול - בי""ס למוסמכים במנהל עסקים ע""ש ליאון רקנאטי",036408025,יחידות אקדמיות,"המכון למערכות מידע ניהוליות ע""ש מרסל ואני אדמס",,036407741
"הפקולטה לניהול - בי""ס למוסמכים במנהל עסקים ע""ש ליאון רקנאטי",036408194,יחידות אקדמיות,מכון יוסף קסירר למחקר בחשבונאות,,036408216
"הפקולטה לניהול - בי""ס למוסמכים במנהל עסקים ע""ש ליאון רקנאטי",036407775,יחידות אקדמיות,"לה""ב לימודי הכשרה בניהול",,6436189
"הפקולטה לניהול - בי""ס למוסמכים במנהל עסקים ע""ש ליאון רקנאטי",036408027,יחידות אקדמיות,המכון לחקר האינטרנט,,
"הפקולטה לניהול - בי""ס למוסמכים במנהל עסקים ע""ש ליאון רקנאטי",036408082,יחידות אקדמיות,המכון לטכנולוגיה וחברה,,036407084
"הפקולטה לניהול - בי""ס למוסמכים במנהל עסקים ע""ש ליאון רקנאטי",036406299,יחידות אקדמיות,"מכון חיים כצמן גזית גלוב לנדל""ן",,036407741
"הפקולטה למשפטים ע""ש בוכמן",036408652,יחידות אקדמיות,לשכת הדקאן,6415492,036407260
"הפקולטה למשפטים ע""ש בוכמן",036408798,יחידות אקדמיות,לשכת סגן דקאן,,036407260
"הפקולטה למשפטים ע""ש בוכמן",036407257,יחידות אקדמיות,ראש מנהל הפקולטה,6415279,036407259
"הפקולטה למשפטים ע""ש בוכמן",036407257,יחידות אקדמיות,עוזר ראש מנהל לכספים וכח אדם,6415279,036407259
"הפקולטה למשפטים ע""ש בוכמן",036409897,יחידות אקדמיות,עוזר ראש מנהל לסטודנטים,,036407013
"הפקולטה למשפטים ע""ש בוכמן",036408350,יחידות אקדמיות,מזכירות סטודנטים,,036407013
"הפקולטה למשפטים ע""ש בוכמן",036406482,יחידות אקדמיות,מזכירות תואר שני עיוני,,036406427
"הפקולטה למשפטים ע""ש בוכמן",036406571,יחידות אקדמיות,מרכז צבי מיתר ללימודי משפט מתקדמים,,036406427
"הפקולטה למשפטים ע""ש בוכמן",036406482,יחידות אקדמיות,מזכירות תואר שני מחקרי,,036406427
"הפקולטה למשפטים ע""ש בוכמן",036406151,יחידות אקדמיות,מזכירות קבלה,,036407013
"הפקולטה למשפטים ע""ש בוכמן",036407248,יחידות אקדמיות,ראש צוות מחשוב,,036406724
"הפקולטה למשפטים ע""ש בוכמן",036408358,יחידות אקדמיות,"מזכירות אחה""צ",,036407429
"הפקולטה למשפטים ע""ש בוכמן",036408717,יחידות אקדמיות,"המכון להשתלמות עו""ד",,036409150
"הפקולטה למשפטים ע""ש בוכמן",036408018,יחידות אקדמיות,"מרכז-על  ע""ש צגלה למחקר בינתחומי  של המשפט",,036405849
"הפקולטה למשפטים ע""ש בוכמן",036408341,יחידות אקדמיות,מזכירות הקליניקות המשפטיות,,036407422
"הפקולטה למשפטים ע""ש בוכמן",036407430,יחידות אקדמיות,מרכז מינרבה לזכויות האדם ומזכירות בטאונים,,036405073
"הפקולטה למשפטים ע""ש בוכמן",036409688,יחידות אקדמיות,יחידת ההשמה הפקולטטית,,
"הפקולטה למשפטים ע""ש בוכמן",036408852,יחידות אקדמיות,"מזכירת מחקר , סגל וחילופי סטודנטים",,
"הפקולטה למשפטים ע""ש בוכמן",036406829,יחידות אקדמיות,תכנית תל אביב ברקלי ,,6414376
"הפקולטה למשפטים ע""ש בוכמן",036405204,יחידות אקדמיות,תכנית תל אביב - נורתווסטרן,,036408366
"ספריה למדעי היהדות ע""ש מהלמן",036409048,ספריות,"ספריה למדעי היהדות ע""ש מהלמן",,036407287
ספריית בית הספר לחינוך,036408462,ספריות,ספריית בית הספר לחינוך,,036406509
ספריית בית הספר לחינוך,036406937,ספריות,מנהלת הספריה,,
ספריית החוג לגיאוגרפיה וסביבת האדם,036409044,ספריות,ספרית גיאוגרפיה,6409044,
ספרית ארכיאולוגיה,036409023,ספריות,ספרית ארכיאולוגיה,,036407237
"הספריה למדעי החיים ולרפואה ע""ש גיטר-סמולרש",,ספריות,"הספריה למדעי החיים ולרפואה ע""ש גיטר-סמולרש",,
"הספריה למדעי החיים ולרפואה ע""ש גיטר-סמולרש",036409753,ספריות,"הנהלת הספריה  , מזכירות והנה""ח",6412658,036409375
"הספריה למדעי החיים ולרפואה ע""ש גיטר-סמולרש",036407975,ספריות,"מחלקת שרותי קוראים , הדרכה ויעוץ",,
"הספריה למדעי החיים ולרפואה ע""ש גיטר-סמולרש",036409195,ספריות,"מחלקת שרותי קוראים  , השאלה",,
"הספריה למדעי החיים ולרפואה ע""ש גיטר-סמולרש",036409752,ספריות,מדור להשאלה בינספריתית ובינלאומית,,036407592
"הספריה למדעי החיים ולרפואה ע""ש גיטר-סמולרש",036409196,ספריות,מדור רכש ספרים וכתבי עת,,
"הספריה למדעי החיים ולרפואה ע""ש גיטר-סמולרש",036407858,ספריות,מדור קטלוג ומיון,,
"הספריה למדעי החיים ולרפואה ע""ש גיטר-סמולרש",036409374,ספריות,מדור דליית מידע ממוחשב,,
"הספריה למדעי החיים ולרפואה ע""ש גיטר-סמולרש",036409197,ספריות,מדור תיאום מערכות ממוחשבות,,
"הספריה למדעים מדוייקים ולהנדסה ע""ש ניימן",,ספריות,"הספריה למדעים מדוייקים ולהנדסה ע""ש ניימן",,
"הספריה למדעים מדוייקים ולהנדסה ע""ש ניימן",036408210,ספריות,"הנהלת הספריה , מזכירות",,036408807
"הספריה למדעים מדוייקים ולהנדסה ע""ש ניימן",036408210,ספריות,הנהלת חשבונות,,
"הספריה למדעים מדוייקים ולהנדסה ע""ש ניימן",036408145,ספריות,מדור השאלה,,
"הספריה למדעים מדוייקים ולהנדסה ע""ש ניימן",036408049,ספריות,מדור רכש (כתבי עת),,
"הספריה למדעים מדוייקים ולהנדסה ע""ש ניימן",036408866,ספריות,מדור רכש (ספרים),,
"הספריה למדעים מדוייקים ולהנדסה ע""ש ניימן",036406207,ספריות,מדור קטלוג,,
"הספריה למדעים מדוייקים ולהנדסה ע""ש ניימן",036409270,ספריות,מדור מיון,,
"הספריה למדעים מדוייקים ולהנדסה ע""ש ניימן",036408160,ספריות,מדור הדרכה ויעץ,,
"הספריה למדעים מדוייקים ולהנדסה ע""ש ניימן",036409269,ספריות,השאלה בין ספריתית,,6414389
"הספריה למדעים מדוייקים ולהנדסה ע""ש ניימן",036406040,ספריות,מידע ממוחשב/שרותי  אינטרנט,,
"הספריה למדעים מדוייקים ולהנדסה ע""ש ניימן",036406227,ספריות,מתאם מערכות מידע,,
"הספריה למדעים מדוייקים ולהנדסה ע""ש ניימן",036405796,ספריות,"מתאם מערכת ""אלף""",,
"הספריה המוזיקלית ע""ש מרק ל. גרינשטיין",036408716,ספריות,"הספריה המוזיקלית ע""ש מרק ל. גרינשטיין",,
"ספרית ביה""ס  לאדריכלות",036405535,ספריות,"ספרית ביה""ס  לאדריכלות",,
"הספריה המרכזית ע""ש אליאס סוראסקי",036406891,ספריות,מזכירות הספרייה המרכזית,,036407833
"הספריה המרכזית ע""ש אליאס סוראסקי",036406891,ספריות,מנהלת הספריה,,036407833
"הספריה המרכזית ע""ש אליאס סוראסקי",036408662,ספריות,מדור השאלה,,036409598
"הספריה המרכזית ע""ש אליאס סוראסקי",036409570,ספריות,מדור ספריה לימודית (השאלה מוגבלת),,
"הספריה המרכזית ע""ש אליאס סוראסקי",036408746,ספריות,השאלה בינספרייתית,,
"הספריה המרכזית ע""ש אליאס סוראסקי",036408081,ספריות,מדור מחלקת מיון,,
"הספריה המרכזית ע""ש אליאס סוראסקי",036408265,ספריות,מדור מחלקת קיטלוג לועזי,,
"הספריה המרכזית ע""ש אליאס סוראסקי",036408447,ספריות,מדור רכש ספרים,,036405318
"הספריה המרכזית ע""ש אליאס סוראסקי",036408448,ספריות,מדור כתבי עת,,036405318
"הספריה המרכזית ע""ש אליאס סוראסקי",036408423,ספריות,מחלקת ייעוץ והדרכה,,
"הספריה המרכזית ע""ש אליאס סוראסקי",036408449,ספריות,מדור אולם קריאה - קומה א',,
"הספריה המרכזית ע""ש אליאס סוראסקי",036408747,ספריות,מדור אולם קריאה - קומה ב',,
"הספריה המרכזית ע""ש אליאס סוראסקי",036408451,ספריות,אולם קריאה לכתבי עת ומיקרופילם,,
"הספריה המרכזית ע""ש אליאס סוראסקי",036408884,ספריות,הנהלת חשבונות,,
"הספריה המרכזית ע""ש אליאס סוראסקי",036406745,ספריות,ספריית וינר,,
"הספריה המרכזית ע""ש אליאס סוראסקי",036407045,ספריות,"מתאם מערכת ""אלף"" ומתאם מערכות מיחשוב",,
"הספריה המרכזית ע""ש אליאס סוראסקי",036408444,ספריות,משרד אב הבית,,
"הספריה המרכזית ע""ש אליאס סוראסקי",036405125,ספריות,ראש מדור השאלה וספרייה לימודית,,
"הספריה המרכזית ע""ש אליאס סוראסקי",036408750,ספריות,מדור דליית מידע ואינטרנט,,
"הספריה למשפטים ע""ש דוד י. לייט",036408356,ספריות,"הספריה למשפטים ע""ש דוד י. לייט",,
"הספריה למשפטים ע""ש דוד י. לייט",036408019,ספריות,הנהלת הספריה,,036407093
"הספריה למשפטים ע""ש דוד י. לייט",036406175,ספריות,מזכירות הספריה,,
"הספריה למשפטים ע""ש דוד י. לייט",036408356,ספריות,מדור שרותי קוראים,,036406232
"הספריה למשפטים ע""ש דוד י. לייט",036406169,ספריות,השאלה בינספריתית,,
"הספריה למשפטים ע""ש דוד י. לייט",036406176,ספריות,מדור רכש ספרים,,
"הספריה למשפטים ע""ש דוד י. לייט",036409577,ספריות,מדור כתבי עת,,
"הספריה למשפטים ע""ש דוד י. לייט",036407946,ספריות,מדור מיון וקטלוג,,
"הספריה למשפטים ע""ש דוד י. לייט",036406173,ספריות,מנהל חשבונות,,
"הספריה למשפטים ע""ש דוד י. לייט",036406166,ספריות,מתאם מערכות מחשבים אישיים,,
"הספריה למשפטים ע""ש דוד י. לייט",036407946,ספריות,מתאם מערכות אלף,,
"הספריה למשפטים ע""ש דוד י. לייט",036408356,ספריות,"הספריה למשפטים ע""ש דוד י. לייט",,
"הספריה למשפטים ע""ש דוד י. לייט",036406176,ספריות,מדור רכש ספרים,,
"הספריה למשפטים ע""ש דוד י. לייט",036406169,ספריות,השאלה בינספריתית,,
"הספריה למשפטים ע""ש דוד י. לייט",036408356,ספריות,מדור שרותי קוראים,,036406232
"הספריה למשפטים ע""ש דוד י. לייט",036407946,ספריות,מדור מיון וקטלוג,,
"הספריה למשפטים ע""ש דוד י. לייט",036409577,ספריות,מדור כתבי עת,,
"הספריה למשפטים ע""ש דוד י. לייט",036408019,ספריות,הנהלת הספריה,,036407093
"הספריה למשפטים ע""ש דוד י. לייט",036406173,ספריות,מנהל חשבונות,,
"הספריה למשפטים ע""ש דוד י. לייט",036406166,ספריות,מתאם מערכות מחשבים אישיים,,
"הספריה למשפטים ע""ש דוד י. לייט",036407946,ספריות,מתאם מערכות אלף,,
"הספריה למשפטים ע""ש דוד י. לייט",036406175,ספריות,מזכירות הספריה,,
"הספריה למדעי החברה, לניהול ולחינוך ע""ש ברנדר-מוס",036409361,ספריות,הנהלה ומזכירות,,036407840
"הספריה למדעי החברה, לניהול ולחינוך ע""ש ברנדר-מוס",036405516,ספריות,הנהלת חשבונות,,
"הספריה למדעי החברה, לניהול ולחינוך ע""ש ברנדר-מוס",036409085,ספריות,מדור השאלה ואולם ספרים שמורים,6416092,
"הספריה למדעי החברה, לניהול ולחינוך ע""ש ברנדר-מוס",036407066,ספריות,השאלה בינספריתית,,
"הספריה למדעי החברה, לניהול ולחינוך ע""ש ברנדר-מוס",036407984,ספריות,מדור יעץ ומיון ודליית מידע,,
"הספריה למדעי החברה, לניהול ולחינוך ע""ש ברנדר-מוס",036408497,ספריות,אולם קריאה מרכזי,,
"הספריה למדעי החברה, לניהול ולחינוך ע""ש ברנדר-מוס",036407063,ספריות,מנהל המחלקה לשרותים טכניים ותאום מערכות,,
"הספריה למדעי החברה, לניהול ולחינוך ע""ש ברנדר-מוס",036407064,ספריות,מדור קיטלוג,,036409527
"הספריה למדעי החברה, לניהול ולחינוך ע""ש ברנדר-מוס",036409864,ספריות,מדור רכש,,036409527
"הספריה למדעי החברה, לניהול ולחינוך ע""ש ברנדר-מוס",036409227,ספריות,מדור כתבי עת,,036409527
"הספריה למדעי החברה, לניהול ולחינוך ע""ש ברנדר-מוס",036407065,ספריות,אור קולי,,
"הספריה למדעי החברה, לניהול ולחינוך ע""ש ברנדר-מוס",036407757,ספריות,אולם פרנקפורט - אוסף הקהילה הארופית,,
"הספריה למדעי החברה, לניהול ולחינוך ע""ש ברנדר-מוס",036409525,ספריות,מנהל הבית,,
"הספריה למדעי החברה, לניהול ולחינוך ע""ש ברנדר-מוס",036407067,ספריות,מתאמת מיחשוב,666,
"ספריית ביה""ס לעבודה סוציאלית ע""ש בוב שאפל",036409183,ספריות,"ספריית ביה""ס לעבודה סוציאלית ע""ש בוב שאפל",,
